"ID","Region","Site","Block","Circle","Block.ID","Horizon","Sample_Depth.cm","Volume.cm3","Intended_sample_depth.cm","WP","Date_time","Latitude","Longitude","Altitude","Land_Use","Last_fire.yr","Fire_frequency.2000_2017","MAP.mm_yr","Total_weight.g","SubBefore_DRY.g","SubAfter_DRY.g","SubAfter_SIEVED.g","Tot_weight_fine_earth_air_dry.g","BD_fine_earth_air_dry","DryMatter.per","BD_fine_earth.DM.corr","LOI_550.per","LOI_900.per","fraction_inorg_C","fraction_org_C","Clay.per","Silt.per","Sand.per","Tot.C.per","C.kg_m2","Org.C.per","Tot.N.per","N.kg_m2","pH","CEC.cmol_kg","Al.g_kg","Fe.g_kg","P.g_kg","Olsen.P.mg_kg","BD.per.block_A.horizon","layer","optional"
1,"Makao",1,1,1,1,"A-hor",5,132.3,5,2,"10/12/2017 15:15",-3.24561,34.51158,1666,"Pasture",2010,5,672.04,203,100,94.46,94.46,191.75,1.45,97.96,1.42,4.02,5.12,0.21,0.79,21,14,65,1.82,1.32,1.43,0.19,0.14,7.15,30.66,1.1,0.96,0.15,"<5.2",1.431,174.818457928462,TRUE
2,"Makao",1,1,1,1,"Min-hor",18.83,130.31,15,2,"10/12/2017 15:15",-3.24561,34.51158,1666,"Pasture",2010,5,672.04,186.5,101.1,93.91,82.6,152.37,1.17,97.15,1.14,4.13,5.52,0.25,0.75,28,14,59,1.47,2.38,1.1,0.14,0.32,7.16,37.48,1.2,0.91,0.12,"0",NA,174.818457928462,TRUE
3,"Makao",1,1,2,1,"A-hor",5,132.3,5,3,"10/12/2017 15:43",-3.24552,34.51154,1667,"Pasture",2010,5,672.04,233,51.53,48.68,43.1,194.88,1.47,NA,NA,NA,NA,NA,NA,NA,NA,NA,1.34,0.99,NA,0.09,0.07,6.82,NA,NA,NA,NA,"",NA,174.818457928462,TRUE
4,"Makao",1,1,2,1,"Min-hor",18.83,130.31,15,3,"10/12/2017 15:43",-3.24552,34.51154,1667,"Pasture",2010,5,672.04,214,50.47,45.51,37.6,159.43,1.22,NA,NA,NA,NA,NA,NA,NA,NA,NA,0.97,1.64,NA,0.07,0.15,8.37,NA,NA,NA,NA,"",NA,174.818457928462,TRUE
5,"Makao",1,1,3,1,"A-hor",5,132.3,5,4,"10/12/2017 16:08",-3.24555,34.51163,1668,"Pasture",2010,5,672.04,227.5,51.9,48.58,41.8,183.23,1.38,NA,NA,NA,NA,NA,NA,NA,NA,NA,1.26,0.87,NA,0.12,0.08,6.48,NA,NA,NA,NA,"",NA,174.818457928462,TRUE
6,"Makao",1,1,3,1,"Min-hor",19.67,138.16,15,4,"10/12/2017 16:08",-3.24555,34.51163,1668,"Pasture",2010,5,672.04,193,53.04,50.6,41.6,151.37,1.1,NA,NA,NA,NA,NA,NA,NA,NA,NA,0.99,1.59,NA,0.09,0.2,6.75,NA,NA,NA,NA,"",NA,174.818457928462,TRUE
7,"Makao",1,1,4,1,"A-hor",5,132.3,5,5,"10/12/2017 16:30",-3.24552,34.51164,1664,"Pasture",2010,5,672.04,213,47.91,45.25,42.2,187.61,1.42,NA,NA,NA,NA,NA,NA,NA,NA,NA,2.04,1.45,NA,0.22,0.16,6.82,NA,NA,NA,NA,"",NA,174.818457928462,TRUE
8,"Makao",1,1,4,1,"Min-hor",18,122.46,15,5,"10/12/2017 16:30",-3.24552,34.51164,1664,"Pasture",2010,5,672.04,197,46.85,42.1,38.4,161.47,1.32,NA,NA,NA,NA,NA,NA,NA,NA,NA,1.3,2.23,NA,0.11,0.26,6.78,NA,NA,NA,NA,"",NA,174.818457928462,TRUE
9,"Makao",1,2,1,2,"A-hor",5,132.3,5,6,"10/12/2017 16:53",-3.24499,34.51006,1663,"Pasture",2010,7,672.04,209,100.13,94.65,84.2,175.75,1.33,NA,NA,NA,NA,NA,NA,NA,NA,NA,1.41,0.94,NA,0.09,0.06,6.87,NA,NA,NA,NA,"",1.409,174.818457928462,TRUE
10,"Makao",1,2,1,2,"Min-hor",19.33,135.02,15,6,"10/12/2017 16:53",-3.24499,34.51006,1663,"Pasture",2010,7,672.04,206,97.55,92.37,79,166.83,1.24,NA,NA,NA,NA,NA,NA,NA,NA,NA,1.09,1.93,NA,0.08,0.19,6.42,NA,NA,NA,NA,"",NA,174.818457928462,TRUE
11,"Makao",1,2,2,2,"A-hor",5,132.3,5,7,"10/12/2017 17:08",-3.24503,34.51018,1664,"Pasture",2010,7,672.04,226,53.69,50.34,45.6,191.95,1.45,NA,NA,NA,NA,NA,NA,NA,NA,NA,1.76,1.28,NA,0.16,0.12,6.9,NA,NA,NA,NA,"",NA,174.818457928462,TRUE
12,"Makao",1,2,2,2,"Min-hor",19.17,133.45,15,7,"10/12/2017 17:08",-3.24503,34.51018,1664,"Pasture",2010,7,672.04,189,53.84,51.29,41.1,144.28,1.08,NA,NA,NA,NA,NA,NA,NA,NA,NA,1.32,2.02,NA,0.13,0.28,6.83,NA,NA,NA,NA,"",NA,174.818457928462,TRUE
13,"Makao",1,2,3,2,"A-hor",5,132.3,5,8,"10/12/2017 17:22",-3.24504,34.51013,1665,"Pasture",2010,7,672.04,243,51.24,48.5,43.1,204.4,1.54,NA,NA,NA,NA,NA,NA,NA,NA,NA,1.35,1.04,NA,0.11,0.08,6.53,NA,NA,NA,NA,"",NA,174.818457928462,TRUE
14,"Makao",1,2,3,2,"Min-hor",18.67,128.74,15,8,"10/12/2017 17:22",-3.24504,34.51013,1665,"Pasture",2010,7,672.04,217,50.19,46.93,42.2,182.45,1.42,NA,NA,NA,NA,NA,NA,NA,NA,NA,1.72,3.33,NA,0.16,0.42,6.8,NA,NA,NA,NA,"",NA,174.818457928462,TRUE
15,"Makao",1,2,4,2,"A-hor",5,132.3,5,9,"10/12/2017 17:32",-3.24502,34.51016,1664,"Pasture",2010,7,672.04,205,52.71,50,44.6,173.46,1.31,NA,NA,NA,NA,NA,NA,NA,NA,NA,1.91,1.25,NA,0.15,0.1,6.73,NA,NA,NA,NA,"",NA,174.818457928462,TRUE
16,"Makao",1,2,4,2,"Min-hor",17.5,117.75,15,9,"10/12/2017 17:32",-3.24502,34.51016,1664,"Pasture",2010,7,672.04,205,46.95,44.32,36.9,161.12,1.37,NA,NA,NA,NA,NA,NA,NA,NA,NA,1.4,2.39,NA,0.15,0.36,6.73,NA,NA,NA,NA,"",NA,174.818457928462,TRUE
17,"Makao",1,3,1,3,"A-hor",5,132.3,5,10,"10/12/2017 18:08",-3.24377,34.51029,1651,"Pasture",2010,6,672.04,241,96.05,90.94,84.1,211.02,1.59,98.37,1.57,5.47,6.8,0.2,0.8,22,18,60,2.24,1.79,1.8,0.2,0.16,6.98,30.91,1.2,2.1,0.17,"6.4",1.305,174.818457928462,TRUE
18,"Makao",1,3,1,3,"Min-hor",18.83,130.31,15,10,"10/12/2017 18:08",-3.24377,34.51029,1651,"Pasture",2010,6,672.04,187,95.78,89.58,77,150.33,1.15,97.19,1.12,5.12,6.54,0.22,0.78,26,17,58,1.65,2.63,1.29,0.14,0.3,7.02,41.45,1.5,3,0.15,"66",NA,174.818457928462,TRUE
19,"Makao",1,3,2,3,"A-hor",5,132.3,5,11,"10/12/2017 18:09",-3.24376,34.51034,1649,"Pasture",2010,6,672.04,160,52.36,49.12,37.7,115.2,0.87,NA,NA,NA,NA,NA,NA,NA,NA,NA,1.77,0.77,NA,0.15,0.07,7.27,NA,NA,NA,NA,"",NA,174.818457928462,TRUE
20,"Makao",1,3,2,3,"Min-hor",15.33,97.34,15,11,"10/12/2017 18:09",-3.24376,34.51034,1649,"Pasture",2010,6,672.04,187,51.79,47.96,30.8,111.21,1.14,NA,NA,NA,NA,NA,NA,NA,NA,NA,1.48,1.75,NA,0.14,0.24,7.37,NA,NA,NA,NA,"",NA,174.818457928462,TRUE
21,"Makao",1,3,3,3,"A-hor",5,132.3,5,12,"10/12/2017 18:23",-3.24374,34.51028,1649,"Pasture",2010,6,672.04,207,51.64,49.2,45.2,181.19,1.37,NA,NA,NA,NA,NA,NA,NA,NA,NA,2.24,1.53,NA,0.2,0.14,7.15,NA,NA,NA,NA,"",NA,174.818457928462,TRUE
22,"Makao",1,3,3,3,"Min-hor",18.17,124.03,15,12,"10/12/2017 18:23",-3.24374,34.51028,1649,"Pasture",2010,6,672.04,191.5,52.71,49.97,38.4,139.51,1.12,NA,NA,NA,NA,NA,NA,NA,NA,NA,1.86,2.75,NA,0.09,0.19,8.28,NA,NA,NA,NA,"",NA,174.818457928462,TRUE
25,"Makao",1,4,1,4,"A-hor",5,132.3,5,28,"11/12/2017 15:54",-3.24391,34.51074,1656,"Pasture",2010,6,672.04,212,105.41,100.54,90.6,182.21,1.38,NA,NA,NA,NA,NA,NA,NA,NA,NA,1.55,1.07,NA,0.14,0.1,7.05,NA,NA,NA,NA,"",1.07,174.818457928462,TRUE
26,"Makao",1,4,1,4,"Min-hor",15.33,97.34,15,28,"11/12/2017 15:54",-3.24391,34.51074,1656,"Pasture",2010,6,672.04,162.5,49.56,47.77,36.8,120.66,1.24,NA,NA,NA,NA,NA,NA,NA,NA,NA,0.79,1.01,NA,0.03,0.06,7.44,NA,NA,NA,NA,"",NA,174.818457928462,TRUE
27,"Makao",1,4,2,4,"A-hor",5,132.3,5,29,"11/12/2017 16:06",-3.24389,34.51068,1656,"Pasture",2010,6,672.04,179,52.63,51.46,44.1,149.99,1.13,NA,NA,NA,NA,NA,NA,NA,NA,NA,1.75,0.99,NA,0.14,0.08,6.77,NA,NA,NA,NA,"",NA,174.818457928462,TRUE
28,"Makao",1,4,2,4,"Min-hor",8.5,32.97,15,29,"11/12/2017 16:06",-3.24389,34.51068,1656,"Pasture",2010,6,672.04,49,49.5,48.56,32.1,31.78,0.96,NA,NA,NA,NA,NA,NA,NA,NA,NA,1.19,0.4,NA,0.07,0.05,6.63,NA,NA,NA,NA,"",NA,174.818457928462,TRUE
29,"Makao",1,4,3,4,"A-hor",5,132.3,5,30,"11/12/2017 16:27",-3.24382,34.51066,1657,"Pasture",2010,6,672.04,168,49.14,47.63,38.5,131.62,0.99,NA,NA,NA,NA,NA,NA,NA,NA,NA,2.29,1.14,NA,0.21,0.1,6.94,NA,NA,NA,NA,"",NA,174.818457928462,TRUE
30,"Makao",1,4,3,4,"Min-hor",8,28.26,15,30,"11/12/2017 16:27",-3.24382,34.51066,1657,"Pasture",2010,6,672.04,38.5,39.33,37.93,25.7,25.16,0.89,NA,NA,NA,NA,NA,NA,NA,NA,NA,1.28,0.34,NA,0.1,0.07,7.05,NA,NA,NA,NA,"",NA,174.818457928462,TRUE
31,"Makao",1,4,4,4,"A-hor",5,132.3,5,31,"11/12/2017 16:34",-3.24379,34.51074,1655,"Pasture",2010,6,672.04,140,47.97,45.56,35.1,102.44,0.77,NA,NA,NA,NA,NA,NA,NA,NA,NA,3.07,1.19,NA,0.29,0.11,7.09,NA,NA,NA,NA,"",NA,174.818457928462,TRUE
32,"Makao",1,4,4,4,"Min-hor",9.83,45.53,15,31,"11/12/2017 16:34",-3.24379,34.51074,1655,"Pasture",2010,6,672.04,91,48.04,44.9,36.7,69.52,1.53,NA,NA,NA,NA,NA,NA,NA,NA,NA,2.17,1.6,NA,0.18,0.28,7.59,NA,NA,NA,NA,"",NA,174.818457928462,TRUE
33,"Maswa",2,1,1,5,"A-hor",5,132.3,5,21,"11/12/2017 11:11",-3.17971,34.50892,1667,"Wild",2007,3,717.36,145,99.61,88.82,88.82,129.29,0.98,94.02,0.92,9.3,12.25,0.24,0.76,62,26,12,3.71,1.81,2.82,0.37,0.18,7.22,70.73,2.8,1.6,0.37,"15",1.03,174.818457928462,TRUE
34,"Maswa",2,1,1,5,"Min-hor",17.5,117.75,15,21,"11/12/2017 11:11",-3.17971,34.50892,1667,"Wild",2007,3,717.36,146,97.8,83.86,83.86,125.19,1.06,93.64,1,8.17,11.34,0.28,0.72,62,26,12,2.58,3.43,1.86,0.24,0.45,7.18,65.01,2.7,1.5,0.29,"<5.2",NA,174.818457928462,TRUE
35,"Maswa",2,1,2,5,"A-hor",5,132.3,5,22,"11/12/2017 11:24",-3.17969,34.50902,1666,"Wild",2007,3,717.36,140,50.14,45.3,45.3,126.49,0.96,NA,NA,NA,NA,NA,NA,NA,NA,NA,3.5,1.67,NA,0.36,0.17,7.38,NA,NA,NA,NA,"",NA,174.818457928462,TRUE
36,"Maswa",2,1,2,5,"Min-hor",17.17,114.61,15,22,"11/12/2017 11:24",-3.17969,34.50902,1666,"Wild",2007,3,717.36,146,48.75,42.08,42.08,126.02,1.1,NA,NA,NA,NA,NA,NA,NA,NA,NA,2.72,3.64,NA,0.24,0.45,7.311,NA,NA,NA,NA,"",NA,174.818457928462,TRUE
37,"Maswa",2,1,3,5,"A-hor",5,132.3,5,23,"11/12/2017 11:27",-3.17958,34.50894,1668,"Wild",2007,3,717.36,157,48.6,43.6,43.6,140.85,1.06,NA,NA,NA,NA,NA,NA,NA,NA,NA,3.31,1.76,NA,0.34,0.18,7.04,NA,NA,NA,NA,"",NA,174.818457928462,TRUE
38,"Maswa",2,1,3,5,"Min-hor",18.5,127.17,15,23,"11/12/2017 11:27",-3.17958,34.50894,1668,"Wild",2007,3,717.36,134.5,52.37,45.08,45.08,115.78,0.91,NA,NA,NA,NA,NA,NA,NA,NA,NA,2.67,3.28,NA,0.24,0.4,7.1,NA,NA,NA,NA,"",NA,174.818457928462,TRUE
39,"Maswa",2,1,4,5,"A-hor",5,132.3,5,24,"11/12/2017 11:38",-3.17974,34.50891,1667,"Wild",2007,3,717.36,165,51.54,46.42,46.42,148.61,1.12,NA,NA,NA,NA,NA,NA,NA,NA,NA,3.16,1.77,NA,0.3,0.17,7.35,NA,NA,NA,NA,"",NA,174.818457928462,TRUE
40,"Maswa",2,1,4,5,"Min-hor",17.33,116.18,15,24,"11/12/2017 11:38",-3.17974,34.50891,1667,"Wild",2007,3,717.36,165,50.13,43.65,43.65,143.67,1.24,NA,NA,NA,NA,NA,NA,NA,NA,NA,2.75,4.19,NA,0.26,0.55,7.3,NA,NA,NA,NA,"",NA,174.818457928462,TRUE
41,"Maswa",2,2,1,6,"A-hor",5,132.3,5,25,"11/12/2017 12:07",-3.18144,34.50887,1668,"Wild",2007,2,717.36,139,103.04,95.04,95.04,128.21,0.97,NA,NA,NA,NA,NA,NA,NA,NA,NA,2.97,1.44,NA,0.27,0.13,7.32,NA,NA,NA,NA,"",0.995,174.818457928462,TRUE
42,"Maswa",2,2,1,6,"Min-hor",16.17,105.19,15,25,"11/12/2017 12:07",-3.18144,34.50887,1668,"Wild",2007,2,717.36,156,96.36,86.6,86.6,140.2,1.33,NA,NA,NA,NA,NA,NA,NA,NA,NA,2.5,3.72,NA,0.24,0.53,7.49,NA,NA,NA,NA,"",NA,174.818457928462,TRUE
43,"Maswa",2,2,2,6,"A-hor",5,132.3,5,26,"11/12/2017 12:24",-3.18155,34.50886,1668,"Wild",2007,2,717.36,135,49.79,46.14,46.14,125.1,0.95,NA,NA,NA,NA,NA,NA,NA,NA,NA,3.2,1.51,NA,0.32,0.15,7.44,NA,NA,NA,NA,"",NA,174.818457928462,TRUE
44,"Maswa",2,2,2,6,"Min-hor",15.5,98.91,15,26,"11/12/2017 12:24",-3.18155,34.50886,1668,"Wild",2007,2,717.36,130.5,50.92,45.22,45.22,115.89,1.17,NA,NA,NA,NA,NA,NA,NA,NA,NA,2.42,2.98,NA,0.23,0.42,7.45,NA,NA,NA,NA,"",NA,174.818457928462,TRUE
45,"Maswa",2,2,3,6,"A-hor",5,132.3,5,27,"11/12/2017 12:25",-3.18155,34.50885,1667,"Wild",2007,2,717.36,149,54.53,50.28,50.28,137.39,1.04,NA,NA,NA,NA,NA,NA,NA,NA,NA,2.93,1.52,NA,0.31,0.16,7.16,NA,NA,NA,NA,"",NA,174.818457928462,TRUE
46,"Maswa",2,2,3,6,"Min-hor",17.5,117.75,15,27,"11/12/2017 12:25",-3.18155,34.50885,1667,"Wild",2007,2,717.36,147,47.58,42.16,42.16,130.25,1.11,NA,NA,NA,NA,NA,NA,NA,NA,NA,2.49,3.44,NA,0.24,0.46,7.35,NA,NA,NA,NA,"",NA,174.818457928462,TRUE
49,"Maswa",2,3,1,7,"A-hor",5,132.3,5,13,"11/12/2017 08:23",-3.17744,34.51128,1669,"Wild",2004,1,754.84,188,97.7,88.3,88.3,169.91,1.28,94.58,1.21,8.48,10.94,0.22,0.78,44,39,17,3.05,1.96,2.36,0.27,0.18,7.03,56.57,2.5,1.2,1.2,"44",1.167,174.818457928462,TRUE
50,"Maswa",2,3,1,7,"Min-hor",16.67,109.9,15,13,"11/12/2017 08:23",-3.17744,34.51128,1669,"Wild",2004,1,754.84,133,89.41,79.63,79.63,118.45,1.08,94.64,1.02,7.2,9.87,0.27,0.73,45,39,16,2.16,2.72,1.58,0.21,0.37,7.02,54.36,2.3,1,1.2,"25",NA,174.818457928462,TRUE
51,"Maswa",2,3,2,7,"A-hor",5,132.3,5,14,"11/12/2017 08:34",-3.17746,34.5114,1670,"Wild",2004,1,754.84,159,50.29,47.46,47.46,150.05,1.13,NA,NA,NA,NA,NA,NA,NA,NA,NA,3.93,2.23,NA,0.39,0.22,7.31,NA,NA,NA,NA,"",NA,174.818457928462,TRUE
52,"Maswa",2,3,2,7,"Min-hor",16.83,111.47,15,14,"11/12/2017 08:34",-3.17746,34.5114,1670,"Wild",2004,1,754.84,124,50.75,46.2,46.2,112.88,1.01,NA,NA,NA,NA,NA,NA,NA,NA,NA,2.29,2.74,NA,0.21,0.35,7.13,NA,NA,NA,NA,"",NA,174.818457928462,TRUE
53,"Maswa",2,3,3,7,"A-hor",5,132.3,5,15,"11/12/2017 08:40",-3.17735,34.51133,1670,"Wild",2004,1,754.84,161,50.15,48.03,48.03,154.19,1.17,NA,NA,NA,NA,NA,NA,NA,NA,NA,2.08,1.21,NA,0.17,0.1,7.07,NA,NA,NA,NA,"",NA,174.818457928462,TRUE
54,"Maswa",2,3,3,7,"Min-hor",17.67,119.32,15,15,"11/12/2017 08:40",-3.17735,34.51133,1670,"Wild",2004,1,754.84,159,50.54,46.82,46.82,147.3,1.23,NA,NA,NA,NA,NA,NA,NA,NA,NA,2.11,3.31,NA,0.17,0.37,7.03,NA,NA,NA,NA,"",NA,174.818457928462,TRUE
55,"Maswa",2,3,4,7,"A-hor",5,132.3,5,16,"11/12/2017 08:52",-3.17739,34.51146,1671,"Wild",2004,1,754.84,155.5,51.49,47.51,47.51,143.48,1.08,NA,NA,NA,NA,NA,NA,NA,NA,NA,2.73,1.48,NA,0.23,0.12,7.07,NA,NA,NA,NA,"",NA,174.818457928462,TRUE
56,"Maswa",2,3,4,7,"Min-hor",16.33,106.76,15,16,"11/12/2017 08:52",-3.17739,34.51146,1671,"Wild",2004,1,754.84,139,50.2,46.79,46.79,129.56,1.21,NA,NA,NA,NA,NA,NA,NA,NA,NA,2.01,2.76,NA,0.16,0.31,7.23,NA,NA,NA,NA,"",NA,174.818457928462,TRUE
57,"Maswa",2,4,1,8,"A-hor",5,132.3,5,17,"11/12/2017 09:54",-3.17802,34.51267,1667,"Wild",2004,1,754.84,186.5,102.98,99.29,99.29,179.82,1.36,NA,NA,NA,NA,NA,NA,NA,NA,NA,2.32,1.58,NA,0.19,0.13,8.06,NA,NA,NA,NA,"",1.192,174.818457928462,TRUE
58,"Maswa",2,4,1,8,"Min-hor",16.83,111.47,15,17,"11/12/2017 09:54",-3.17802,34.51267,1667,"Wild",2004,1,754.84,139,107.46,98.8,92.8,120.04,1.08,NA,NA,NA,NA,NA,NA,NA,NA,NA,2.48,3.16,NA,0.2,0.36,7.81,NA,NA,NA,NA,"",NA,174.818457928462,TRUE
59,"Maswa",2,4,2,8,"A-hor",5,132.3,5,18,"11/12/2017 10:07",-3.17795,34.51259,1668,"Wild",2004,1,754.84,156,56.07,52.34,52.34,145.62,1.1,NA,NA,NA,NA,NA,NA,NA,NA,NA,2.78,1.53,NA,0.23,0.13,7.89,NA,NA,NA,NA,"",NA,174.818457928462,TRUE
60,"Maswa",2,4,2,8,"Min-hor",17.5,117.75,15,18,"11/12/2017 10:07",-3.17795,34.51259,1668,"Wild",2004,1,754.84,146,50.83,44.57,44.57,128.02,1.09,NA,NA,NA,NA,NA,NA,NA,NA,NA,2.55,3.47,NA,0.24,0.45,7.58,NA,NA,NA,NA,"",NA,174.818457928462,TRUE
61,"Maswa",2,4,3,8,"A-hor",5,132.3,5,19,"11/12/2017 10:21",-3.17807,34.51259,1668,"Wild",2004,1,754.84,160,50.63,47.16,47.16,149.03,1.13,NA,NA,NA,NA,NA,NA,NA,NA,NA,3.2,1.8,NA,0.29,0.16,7.86,NA,NA,NA,NA,"",NA,174.818457928462,TRUE
62,"Maswa",2,4,3,8,"Min-hor",17.83,120.89,15,19,"11/12/2017 10:21",-3.17807,34.51259,1668,"Wild",2004,1,754.84,168,54.33,49.04,49.04,151.64,1.25,NA,NA,NA,NA,NA,NA,NA,NA,NA,2.54,4.08,NA,0.22,0.49,7.8,NA,NA,NA,NA,"",NA,174.818457928462,TRUE
63,"Maswa",2,4,4,8,"A-hor",5,132.3,5,20,"11/12/2017 10:33",-3.178,34.51257,1667,"Wild",2004,1,754.84,166,52.78,49.76,49.76,156.5,1.18,NA,NA,NA,NA,NA,NA,NA,NA,NA,2.44,1.44,NA,0.22,0.13,7.85,NA,NA,NA,NA,"",NA,174.818457928462,TRUE
64,"Maswa",2,4,4,8,"Min-hor",18.17,124.03,15,20,"11/12/2017 10:33",-3.178,34.51257,1667,"Wild",2004,1,754.84,175,51.85,46.93,46.93,158.39,1.28,NA,NA,NA,NA,NA,NA,NA,NA,NA,1.63,2.74,NA,0.15,0.34,7.77,NA,NA,NA,NA,"",NA,174.818457928462,TRUE
65,"Mwantimba",3,1,1,9,"A-hor",5,132.3,5,32,"13/12/2017 09:29",-2.21014,34.02978,1249,"Pasture",2000,0,1295.06,175.5,102.84,96.46,96.46,164.61,1.24,97.26,1.21,6.32,7.63,0.17,0.83,34,20,46,1.89,1.17,1.56,0.17,0.11,6.71,38.43,0.96,1.6,1.3,"150",1.338,174.818457928462,TRUE
66,"Mwantimba",3,1,1,9,"Min-hor",17.17,114.61,15,32,"13/12/2017 09:29",-2.21014,34.02978,1249,"Pasture",2000,0,1295.06,168,99.89,91.74,91.74,154.29,1.35,97.17,1.31,5.68,7.04,0.19,0.81,37,19,44,0.97,1.59,0.78,0.08,0.19,7.04,43.52,0.98,2.3,1.3,"250",NA,174.818457928462,TRUE
67,"Mwantimba",3,1,2,9,"A-hor",5,132.3,5,33,"13/12/2017 09:52",-2.21029,34.02977,1252,"Pasture",2000,0,1295.06,195,52.72,49.75,46.6,172.36,1.3,NA,NA,NA,NA,NA,NA,NA,NA,NA,2.06,1.35,NA,0.17,0.11,6.53,NA,NA,NA,NA,"",NA,174.818457928462,TRUE
68,"Mwantimba",3,1,2,9,"Min-hor",17.33,116.18,15,33,"13/12/2017 09:52",-2.21029,34.02977,1252,"Pasture",2000,0,1295.06,168,52.77,49.05,49.05,156.16,1.34,NA,NA,NA,NA,NA,NA,NA,NA,NA,1.82,3.02,NA,0.15,0.35,6.62,NA,NA,NA,NA,"",NA,174.818457928462,TRUE
69,"Mwantimba",3,1,3,9,"A-hor",5,132.3,5,34,"13/12/2017 09:54",-2.21022,34.02983,1252,"Pasture",2000,0,1295.06,200,48.07,45.33,45.33,188.6,1.43,NA,NA,NA,NA,NA,NA,NA,NA,NA,1.57,1.12,NA,0.13,0.09,6.39,NA,NA,NA,NA,"",NA,174.818457928462,TRUE
70,"Mwantimba",3,1,3,9,"Min-hor",17.17,114.61,15,34,"13/12/2017 09:54",-2.21022,34.02983,1252,"Pasture",2000,0,1295.06,177,48.69,45.02,45.02,163.66,1.43,NA,NA,NA,NA,NA,NA,NA,NA,NA,1.86,3.23,NA,0.15,0.37,6.55,NA,NA,NA,NA,"",NA,174.818457928462,TRUE
71,"Mwantimba",3,1,4,9,"A-hor",5,132.3,5,35,"13/12/2017 10:03",-2.21023,34.02978,1253,"Pasture",2000,0,1295.06,194,45.25,42.53,42.53,182.34,1.38,NA,NA,NA,NA,NA,NA,NA,NA,NA,1.87,1.29,NA,0.15,0.1,6.52,NA,NA,NA,NA,"",NA,174.818457928462,TRUE
72,"Mwantimba",3,1,4,9,"Min-hor",17.83,120.89,15,35,"13/12/2017 10:03",-2.21023,34.02978,1253,"Pasture",2000,0,1295.06,185.5,48.88,45.66,45.66,173.28,1.43,NA,NA,NA,NA,NA,NA,NA,NA,NA,0.99,1.82,NA,0.08,0.21,6.79,NA,NA,NA,NA,"",NA,174.818457928462,TRUE
73,"Mwantimba",3,2,1,10,"A-hor",5,132.3,5,36,"13/12/2017 10:40",-2.20911,34.03005,1252,"Pasture",2000,0,1295.06,178.3,98.69,90.15,90.15,162.87,1.23,NA,NA,NA,NA,NA,NA,NA,NA,NA,1.91,1.18,NA,0.15,0.09,6.65,NA,NA,NA,NA,"",1.357,174.818457928462,TRUE
74,"Mwantimba",3,2,1,10,"Min-hor",16.67,109.9,15,36,"13/12/2017 10:40",-2.20911,34.03005,1252,"Pasture",2000,0,1295.06,175,101.94,95.8,95.8,164.46,1.5,NA,NA,NA,NA,NA,NA,NA,NA,NA,1.26,2.2,NA,0.09,0.22,6.81,NA,NA,NA,NA,"",NA,174.818457928462,TRUE
75,"Mwantimba",3,2,2,10,"A-hor",5,132.3,5,37,"13/12/2017 10:55",-2.20927,34.02999,1252,"Pasture",2000,0,1295.06,194,50.2,47.65,47.65,184.15,1.39,NA,NA,NA,NA,NA,NA,NA,NA,NA,1.35,0.94,NA,0.11,0.08,6.68,NA,NA,NA,NA,"",NA,174.818457928462,TRUE
76,"Mwantimba",3,2,2,10,"Min-hor",14.17,86.35,15,37,"13/12/2017 10:55",-2.20927,34.02999,1252,"Pasture",2000,0,1295.06,142,53.19,48.63,48.63,129.83,1.5,NA,NA,NA,NA,NA,NA,NA,NA,NA,1.29,1.77,NA,0.1,0.21,6.81,NA,NA,NA,NA,"",NA,174.818457928462,TRUE
77,"Mwantimba",3,2,3,10,"A-hor",5,132.3,5,38,"13/12/2017 11:07",-2.20923,34.03006,1252,"Pasture",2000,0,1295.06,195,55.36,50.97,50.97,179.54,1.36,NA,NA,NA,NA,NA,NA,NA,NA,NA,2.31,1.57,NA,0.18,0.12,6.84,NA,NA,NA,NA,"",NA,174.818457928462,TRUE
78,"Mwantimba",3,2,3,10,"Min-hor",16.83,111.47,15,38,"13/12/2017 11:07",-2.20923,34.03006,1252,"Pasture",2000,0,1295.06,185.5,51.77,48.22,48.22,172.78,1.55,NA,NA,NA,NA,NA,NA,NA,NA,NA,1.37,2.52,NA,0.1,0.27,6.84,NA,NA,NA,NA,"",NA,174.818457928462,TRUE
79,"Mwantimba",3,2,4,10,"A-hor",5,132.3,5,39,"13/12/2017 11:22",-2.20919,34.03007,1251,"Pasture",2000,0,1295.06,205,50.5,47.23,47.23,191.73,1.45,NA,NA,NA,NA,NA,NA,NA,NA,NA,1.76,1.27,NA,0.14,0.1,6.69,NA,NA,NA,NA,"",NA,174.818457928462,TRUE
80,"Mwantimba",3,2,4,10,"Min-hor",16.67,109.9,15,39,"13/12/2017 11:22",-2.20919,34.03007,1251,"Pasture",2000,0,1295.06,196,49.22,45.41,45.41,180.83,1.65,NA,NA,NA,NA,NA,NA,NA,NA,NA,1.08,2.08,NA,0.08,0.22,6.83,NA,NA,NA,NA,"",NA,174.818457928462,TRUE
81,"Mwantimba",3,3,1,11,"A-hor",5,132.3,5,45,"13/12/2017 13:50",-2.22061,34.03572,1288,"Pasture",2000,0,1295.06,166,103.97,98.64,89.7,143.22,1.08,97.47,1.06,7.16,8.06,0.11,0.89,28,27,46,1.87,1.01,1.66,0.14,0.07,6.19,38.83,1.3,5.8,0.76,"81",1.1,58.2728193094873,TRUE
82,"Mwantimba",3,3,1,11,"Min-hor",17.17,114.61,15,45,"13/12/2017 13:50",-2.22061,34.03572,1288,"Pasture",2000,0,1295.06,178,105.96,94.8,86.4,145.14,1.27,97.26,1.23,6.75,7.75,0.13,0.87,34,26,39,1.75,2.7,1.53,0.13,0.28,6.01,39.91,1.5,5.8,0.62,"57",NA,58.2728193094873,TRUE
83,"Mwantimba",3,3,2,11,"A-hor",5,132.3,5,46,"13/12/2017 14:05",-2.22063,34.0356,1267,"Pasture",2000,0,1295.06,158,53.35,47.64,44.9,132.97,1.01,NA,NA,NA,NA,NA,NA,NA,NA,NA,2.08,1.05,NA,0.15,0.08,6.39,NA,NA,NA,NA,"",NA,58.2728193094873,TRUE
84,"Mwantimba",3,3,2,11,"Min-hor",14.33,87.92,15,46,"13/12/2017 14:05",-2.22063,34.0356,1267,"Pasture",2000,0,1295.06,112,49.16,43.25,43.25,98.54,1.12,NA,NA,NA,NA,NA,NA,NA,NA,NA,2.56,2.68,NA,0.22,0.35,6.37,NA,NA,NA,NA,"",NA,58.2728193094873,TRUE
85,"Mwantimba",3,3,3,11,"A-hor",5,132.3,5,47,"13/12/2017 14:11",-2.22069,34.03559,1268,"Pasture",2000,0,1295.06,176,51.06,47.58,45.2,155.8,1.18,NA,NA,NA,NA,NA,NA,NA,NA,NA,2.04,1.2,NA,0.14,0.08,6.35,NA,NA,NA,NA,"",NA,58.2728193094873,TRUE
86,"Mwantimba",3,3,3,11,"Min-hor",17.5,117.75,15,47,"13/12/2017 14:11",-2.22069,34.03559,1268,"Pasture",2000,0,1295.06,166,49.35,43.77,39,131.19,1.11,NA,NA,NA,NA,NA,NA,NA,NA,NA,2.43,3.39,NA,0.16,0.32,6.2,NA,NA,NA,NA,"",NA,58.2728193094873,TRUE
87,"Mwantimba",3,3,4,11,"A-hor",5,132.3,5,48,"13/12/2017 14:21",-2.22058,34.03564,1269,"Pasture",2000,0,1295.06,170,52.27,48.67,46.1,149.93,1.13,NA,NA,NA,NA,NA,NA,NA,NA,NA,3.46,1.96,NA,0.24,0.13,6.43,NA,NA,NA,NA,"",NA,58.2728193094873,TRUE
88,"Mwantimba",3,3,4,11,"Min-hor",16.17,105.19,15,48,"13/12/2017 14:21",-2.22058,34.03564,1269,"Pasture",2000,0,1295.06,172,43.76,38.09,38.09,149.71,1.42,NA,NA,NA,NA,NA,NA,NA,NA,NA,2.56,4.07,NA,0.18,0.4,6.13,NA,NA,NA,NA,"",NA,58.2728193094873,TRUE
89,"Mwantimba",3,4,1,12,"A-hor",5,132.3,5,41,"13/12/2017 12:49",-2.22051,34.03624,1271,"Pasture",2000,0,1295.06,167,101.93,92.81,90.1,147.62,1.12,NA,NA,NA,NA,NA,NA,NA,NA,NA,3.26,1.82,NA,0.22,0.12,6.63,NA,NA,NA,NA,"",1.113,58.2728193094873,TRUE
90,"Mwantimba",3,4,1,12,"Min-hor",17.67,119.32,15,41,"13/12/2017 12:49",-2.22051,34.03624,1271,"Pasture",2000,0,1295.06,162,101.89,86.38,86.38,137.34,1.15,NA,NA,NA,NA,NA,NA,NA,NA,NA,2.79,4.07,NA,0.19,0.38,6.81,NA,NA,NA,NA,"",NA,58.2728193094873,TRUE
91,"Mwantimba",3,4,2,12,"A-hor",5,132.3,5,42,"13/12/2017 13:07",-2.22061,34.03624,1271,"Pasture",2000,0,1295.06,165,49.93,44.93,44.93,148.48,1.12,NA,NA,NA,NA,NA,NA,NA,NA,NA,2.03,1.14,NA,0.15,0.08,6.7,NA,NA,NA,NA,"",NA,58.2728193094873,TRUE
92,"Mwantimba",3,4,2,12,"Min-hor",16.33,106.76,15,42,"13/12/2017 13:07",-2.22061,34.03624,1271,"Pasture",2000,0,1295.06,144,48.26,41.14,41.14,122.76,1.15,NA,NA,NA,NA,NA,NA,NA,NA,NA,2.15,2.8,NA,0.16,0.29,7.06,NA,NA,NA,NA,"",NA,58.2728193094873,TRUE
93,"Mwantimba",3,4,3,12,"A-hor",5,132.3,5,43,"13/12/2017 13:15",-2.2205,34.03628,1270,"Pasture",2000,0,1295.06,170,48.83,42.94,42.94,149.49,1.13,NA,NA,NA,NA,NA,NA,NA,NA,NA,1.72,0.97,NA,0.12,0.07,6.6,NA,NA,NA,NA,"",NA,58.2728193094873,TRUE
94,"Mwantimba",3,4,3,12,"Min-hor",17.67,119.32,15,43,"13/12/2017 13:15",-2.2205,34.03628,1270,"Pasture",2000,0,1295.06,160,48.84,41.39,41.39,135.59,1.14,NA,NA,NA,NA,NA,NA,NA,NA,NA,1.5,2.15,NA,0.1,0.2,6.81,NA,NA,NA,NA,"",NA,58.2728193094873,TRUE
95,"Mwantimba",3,4,4,12,"A-hor",5,132.3,5,44,"13/12/2017 13:29",-2.22056,34.03637,1269,"Pasture",2000,0,1295.06,158,49.29,44.79,44.79,143.58,1.09,NA,NA,NA,NA,NA,NA,NA,NA,NA,2.73,1.48,NA,0.19,0.1,6.77,NA,NA,NA,NA,"",NA,58.2728193094873,TRUE
96,"Mwantimba",3,4,4,12,"Min-hor",17.83,120.89,15,44,"13/12/2017 13:29",-2.22056,34.03637,1269,"Pasture",2000,0,1295.06,164,52.01,43.37,43.37,136.76,1.13,NA,NA,NA,NA,NA,NA,NA,NA,NA,1.54,2.23,NA,0.1,0.2,6.82,NA,NA,NA,NA,"",NA,58.2728193094873,TRUE
97,"Handajega",4,1,1,13,"A-hor",5,132.3,5,50,"14/12/2017 09:23",-2.16374,34.01399,1200,"Wild",2014,3,1279.26,198,98.12,93.53,93.53,188.74,1.43,98.47,1.4,5,5.68,0.12,0.88,16,18,65,1.99,1.42,1.75,0.13,0.09,6.42,30.24,1,2.1,0.54,"80",1.422,174.818457928462,TRUE
98,"Handajega",4,1,1,13,"Min-hor",16.67,109.9,15,50,"14/12/2017 09:23",-2.16374,34.01399,1200,"Wild",2014,3,1279.26,153,95.98,93.23,93.23,148.62,1.35,98.48,1.33,4.04,4.7,0.14,0.86,21,15,64,1.19,1.87,1.02,0.07,0.17,5.99,27.51,1.2,2.5,0.64,"69",NA,174.818457928462,TRUE
99,"Handajega",4,1,2,13,"O-hor",3,25.47,3,51,"14/12/2017 09:51",-2.16372,34.01386,1198,"Wild",2014,3,1279.26,24.77,24.77,24.28,22.6,22.6,0.89,NA,NA,NA,NA,NA,NA,NA,NA,NA,1.79,0.48,NA,0.11,0.03,6.47,NA,NA,NA,NA,"",NA,174.818457928462,TRUE
100,"Handajega",4,1,2,13,"A-hor",5,132.3,5,51,"14/12/2017 09:51",-2.16372,34.01386,1198,"Wild",2014,3,1279.26,211,47.53,46.13,43,190.89,1.44,NA,NA,NA,NA,NA,NA,NA,NA,NA,2.09,1.5,NA,0.15,0.11,6.44,NA,NA,NA,NA,"",NA,174.818457928462,TRUE
101,"Handajega",4,1,2,13,"Min-hor",17,113.04,15,51,"14/12/2017 09:51",-2.16372,34.01386,1198,"Wild",2014,3,1279.26,173,51.28,49.68,44.4,149.79,1.33,NA,NA,NA,NA,NA,NA,NA,NA,NA,1.17,1.86,NA,0.09,0.2,5.73,NA,NA,NA,NA,"",NA,174.818457928462,TRUE
102,"Handajega",4,1,3,13,"O-hor",2.83,24.06,3,52,"14/12/2017 09:52",-2.16373,34.01384,1199,"Wild",2014,3,1279.26,45.19,45.19,43.44,39.9,39.9,1.66,NA,NA,NA,NA,NA,NA,NA,NA,NA,1.44,0.68,NA,0.1,0.05,6.28,NA,NA,NA,NA,"",NA,174.818457928462,TRUE
103,"Handajega",4,1,3,13,"A-hor",5,132.3,5,52,"14/12/2017 09:52",-2.16373,34.01384,1199,"Wild",2014,3,1279.26,222,51.52,48.78,44.6,192.18,1.45,NA,NA,NA,NA,NA,NA,NA,NA,NA,1.69,1.23,NA,0.11,0.08,6.26,NA,NA,NA,NA,"",NA,174.818457928462,TRUE
104,"Handajega",4,1,3,13,"Min-hor",16.83,111.47,15,52,"14/12/2017 09:52",-2.16373,34.01384,1199,"Wild",2014,3,1279.26,178,51.26,50.27,41.7,144.8,1.3,NA,NA,NA,NA,NA,NA,NA,NA,NA,0.98,1.5,NA,0.07,0.14,5.68,NA,NA,NA,NA,"",NA,174.818457928462,TRUE
105,"Handajega",4,1,4,13,"O-hor",2.67,22.64,3,53,"14/12/2017 09:54",-2.16365,34.01391,1199,"Wild",2014,3,1279.26,38.89,38.89,37.9,35.1,35.1,1.55,NA,NA,NA,NA,NA,NA,NA,NA,NA,1.57,0.65,NA,0.11,0.05,6.4,NA,NA,NA,NA,"",NA,174.818457928462,TRUE
106,"Handajega",4,1,4,13,"A-hor",5,132.3,5,53,"14/12/2017 09:54",-2.16365,34.01391,1199,"Wild",2014,3,1279.26,205,52.49,51.27,46.3,180.82,1.37,NA,NA,NA,NA,NA,NA,NA,NA,NA,1.54,1.06,NA,0.1,0.07,6.43,NA,NA,NA,NA,"",NA,174.818457928462,TRUE
107,"Handajega",4,1,4,13,"Min-hor",16.83,111.47,15,53,"14/12/2017 09:54",-2.16365,34.01391,1199,"Wild",2014,3,1279.26,184,50.95,49.22,41.3,149.15,1.34,NA,NA,NA,NA,NA,NA,NA,NA,NA,1.16,1.83,NA,0.08,0.19,5.89,NA,NA,NA,NA,"",NA,174.818457928462,TRUE
108,"Handajega",4,2,1,14,"O-hor",3.33,28.3,3,54,"14/12/2017 10:46",-2.16698,34.01462,1202,"Wild",2014,4,1279.26,46.93,46.93,45.05,45.05,45.05,1.59,NA,NA,NA,NA,NA,NA,NA,NA,NA,2.04,1.08,NA,0.12,0.07,6.36,NA,NA,NA,NA,"",1.457,174.818457928462,TRUE
109,"Handajega",4,2,1,14,"A-hor",5,132.3,5,54,"14/12/2017 10:46",-2.16698,34.01462,1202,"Wild",2014,4,1279.26,210.5,97.5,92.3,92.3,199.27,1.51,NA,NA,NA,NA,NA,NA,NA,NA,NA,1.46,1.1,NA,0.1,0.08,6.28,NA,NA,NA,NA,"",NA,174.818457928462,TRUE
110,"Handajega",4,2,1,14,"Min-hor",17,113.04,15,54,"14/12/2017 10:46",-2.16698,34.01462,1202,"Wild",2014,4,1279.26,182,102.94,99.77,94.1,166.37,1.47,NA,NA,NA,NA,NA,NA,NA,NA,NA,1.14,2.02,NA,0.08,0.2,5.75,NA,NA,NA,NA,"",NA,174.818457928462,TRUE
111,"Handajega",4,2,2,14,"O-hor",3.17,26.89,3,55,"14/12/2017 11:04",-2.16701,34.01459,1201,"Wild",2014,4,1279.26,47.59,47.59,46.31,46.31,46.31,1.72,NA,NA,NA,NA,NA,NA,NA,NA,NA,1.7,0.93,NA,0.11,0.06,6.47,NA,NA,NA,NA,"",NA,174.818457928462,TRUE
112,"Handajega",4,2,2,14,"A-hor",5,132.3,5,55,"14/12/2017 11:04",-2.16701,34.01459,1201,"Wild",2014,4,1279.26,218.5,54.27,51.14,51.14,205.9,1.56,NA,NA,NA,NA,NA,NA,NA,NA,NA,2.5,1.95,NA,0.16,0.12,6.21,NA,NA,NA,NA,"",NA,174.818457928462,TRUE
113,"Handajega",4,2,2,14,"Min-hor",16.5,108.33,15,55,"14/12/2017 11:04",-2.16701,34.01459,1201,"Wild",2014,4,1279.26,163,49.81,47.95,44.9,146.93,1.36,NA,NA,NA,NA,NA,NA,NA,NA,NA,1.34,2.08,NA,0.09,0.19,6.01,NA,NA,NA,NA,"",NA,174.818457928462,TRUE
114,"Handajega",4,2,3,14,"O-hor",3.23,27.45,3,56,"14/12/2017 11:05",-2.16708,34.01459,1201,"Wild",2014,4,1279.26,48.36,48.36,45.27,41.9,41.9,1.53,NA,NA,NA,NA,NA,NA,NA,NA,NA,1.77,0.88,NA,0.11,0.05,6.41,NA,NA,NA,NA,"",NA,174.818457928462,TRUE
115,"Handajega",4,2,3,14,"A-hor",5,132.3,5,56,"14/12/2017 11:05",-2.16708,34.01459,1201,"Wild",2014,4,1279.26,186.5,55.4,53.5,47.8,160.92,1.22,NA,NA,NA,NA,NA,NA,NA,NA,NA,2.28,1.39,NA,0.14,0.09,6.4,NA,NA,NA,NA,"",NA,174.818457928462,TRUE
116,"Handajega",4,2,3,14,"Min-hor",16.67,109.9,15,56,"14/12/2017 11:05",-2.16708,34.01459,1201,"Wild",2014,4,1279.26,183,48.24,46.58,41.4,157.05,1.43,NA,NA,NA,NA,NA,NA,NA,NA,NA,1.18,1.97,NA,0.09,0.2,5.79,NA,NA,NA,NA,"",NA,174.818457928462,TRUE
117,"Handajega",4,2,4,14,"O-hor",3.17,26.89,3,57,"14/12/2017 11:17",-2.16698,34.0146,1201,"Wild",2014,4,1279.26,47.04,47.04,44.54,42.7,42.7,1.59,NA,NA,NA,NA,NA,NA,NA,NA,NA,2.17,1.09,NA,0.14,0.07,6.29,NA,NA,NA,NA,"",NA,174.818457928462,TRUE
118,"Handajega",4,2,4,14,"A-hor",5,132.3,5,57,"14/12/2017 11:17",-2.16698,34.0146,1201,"Wild",2014,4,1279.26,227.5,52.8,50.04,47.6,205.09,1.55,NA,NA,NA,NA,NA,NA,NA,NA,NA,2.08,1.61,NA,0.13,0.1,6.19,NA,NA,NA,NA,"",NA,174.818457928462,TRUE
119,"Handajega",4,2,4,14,"Min-hor",18.83,130.31,15,57,"14/12/2017 11:17",-2.16698,34.0146,1201,"Wild",2014,4,1279.26,198,50.01,48.83,46.2,182.92,1.4,NA,NA,NA,NA,NA,NA,NA,NA,NA,1.34,2.59,NA,0.09,0.23,6.81,NA,NA,NA,NA,"",NA,174.818457928462,TRUE
120,"Handajega",4,3,1,15,"O-hor",1.67,14.15,3,58,"14/12/2017 12:08",-2.16663,34.01661,1206,"Wild",2014,9,1279.26,23.37,23.37,22.71,22.71,22.71,1.6,NA,NA,NA,NA,NA,NA,NA,NA,NA,1.97,0.53,NA,0.11,0.03,6.87,NA,NA,NA,NA,"",1.487,174.818457928462,TRUE
121,"Handajega",4,3,1,15,"A-hor",5,132.3,5,58,"14/12/2017 12:08",-2.16663,34.01661,1206,"Wild",2014,9,1279.26,202,96.18,92.46,92.46,194.19,1.47,98.33,1.44,5.43,6.56,0.17,0.83,20,20,60,1.98,1.45,1.64,0.11,0.08,6.43,21.55,0.99,2.6,0.54,"66",NA,174.818457928462,TRUE
122,"Handajega",4,3,1,15,"Min-hor",13.67,81.64,15,58,"14/12/2017 12:08",-2.16663,34.01661,1206,"Wild",2014,9,1279.26,123.5,104.89,100.4,100.4,118.21,1.45,98.57,1.43,4.91,6.06,0.19,0.81,22,18,59,1.56,1.96,1.26,0.1,0.19,5.92,24.64,1.1,3,0.63,"60",NA,174.818457928462,TRUE
123,"Handajega",4,3,2,15,"O-hor",2.83,24.06,3,59,"14/12/2017 12:22",-2.16671,34.01662,1203,"Wild",2014,9,1279.26,40.74,40.74,39.33,39.33,39.33,1.64,NA,NA,NA,NA,NA,NA,NA,NA,NA,2.22,1.03,NA,0.12,0.05,6.43,NA,NA,NA,NA,"",NA,174.818457928462,TRUE
124,"Handajega",4,3,2,15,"A-hor",5,132.3,5,59,"14/12/2017 12:22",-2.16671,34.01662,1203,"Wild",2014,9,1279.26,207,54.3,51.82,51.82,197.55,1.49,NA,NA,NA,NA,NA,NA,NA,NA,NA,2.1,1.57,NA,0.12,0.09,6.31,NA,NA,NA,NA,"",NA,174.818457928462,TRUE
125,"Handajega",4,3,2,15,"Min-hor",17.5,117.75,15,59,"14/12/2017 12:22",-2.16671,34.01662,1203,"Wild",2014,9,1279.26,173,46.19,44.23,44.23,165.66,1.41,NA,NA,NA,NA,NA,NA,NA,NA,NA,1.54,2.71,NA,0.09,0.23,5.86,NA,NA,NA,NA,"",NA,174.818457928462,TRUE
126,"Handajega",4,3,3,15,"O-hor",2.07,17.55,3,60,"14/12/2017 12:31",-2.16675,34.01665,1203,"Wild",2014,9,1279.26,31.89,31.89,30.94,30.94,30.94,1.76,NA,NA,NA,NA,NA,NA,NA,NA,NA,2.15,0.78,NA,0.12,0.04,6.63,NA,NA,NA,NA,"",NA,174.818457928462,TRUE
127,"Handajega",4,3,3,15,"A-hor",5,132.3,5,60,"14/12/2017 12:31",-2.16675,34.01665,1203,"Wild",2014,9,1279.26,209,52.13,50.46,50.46,202.3,1.53,NA,NA,NA,NA,NA,NA,NA,NA,NA,1.94,1.48,NA,0.11,0.09,6.55,NA,NA,NA,NA,"",NA,174.818457928462,TRUE
128,"Handajega",4,3,3,15,"Min-hor",16.67,109.9,15,60,"14/12/2017 12:31",-2.16675,34.01665,1203,"Wild",2014,9,1279.26,179,53.17,51.16,49.2,165.63,1.51,NA,NA,NA,NA,NA,NA,NA,NA,NA,1.19,2.1,NA,0.08,0.19,6.06,NA,NA,NA,NA,"",NA,174.818457928462,TRUE
129,"Handajega",4,3,4,15,"O-hor",2,11.32,3,61,"14/12/2017 12:39",-2.16672,34.01668,1205,"Wild",2014,9,1279.26,16.5,16.5,15.71,15.71,15.71,1.39,NA,NA,NA,NA,NA,NA,NA,NA,NA,2.57,0.71,NA,0.15,0.04,6.9,NA,NA,NA,NA,"",1.387,174.818457928462,TRUE
130,"Handajega",4,3,4,15,"A-hor",5,132.3,5,61,"14/12/2017 12:39",-2.16672,34.01668,1205,"Wild",2014,9,1279.26,208,48.38,46.62,44.9,193.04,1.46,NA,NA,NA,NA,NA,NA,NA,NA,NA,1.67,1.22,NA,0.1,0.07,6.49,NA,NA,NA,NA,"",NA,174.818457928462,TRUE
131,"Handajega",4,3,4,15,"Min-hor",18.17,124.03,15,61,"14/12/2017 12:39",-2.16672,34.01668,1205,"Wild",2014,9,1279.26,183,54.42,52.07,49.2,165.45,1.33,NA,NA,NA,NA,NA,NA,NA,NA,NA,1.19,2.1,NA,0.08,0.2,6.14,NA,NA,NA,NA,"",NA,174.818457928462,TRUE
132,"Handajega",4,4,1,16,"O-hor",1.5,4.25,3,62,"14/12/2017 13:26",-2.16717,34.01922,1204,"Wild",2016,13,1279.26,6.9,6.9,6.54,6.54,6.54,1.54,NA,NA,NA,NA,NA,NA,NA,NA,NA,3.3,0.76,NA,0.21,0.05,6.4,NA,NA,NA,NA,"",NA,174.818457928462,TRUE
133,"Handajega",4,4,1,16,"A-hor",5,132.3,5,62,"14/12/2017 13:26",-2.16717,34.01922,1204,"Wild",2016,13,1279.26,192,101.89,97.27,94.5,178.07,1.35,NA,NA,NA,NA,NA,NA,NA,NA,NA,1.71,1.15,NA,0.12,0.08,6.31,NA,NA,NA,NA,"",NA,174.818457928462,TRUE
134,"Handajega",4,4,1,16,"Min-hor",17.17,114.61,15,62,"14/12/2017 13:26",-2.16717,34.01922,1204,"Wild",2016,13,1279.26,183,100.46,93.4,89.8,163.58,1.43,NA,NA,NA,NA,NA,NA,NA,NA,NA,1.74,3.02,NA,0.13,0.31,6.13,NA,NA,NA,NA,"",NA,174.818457928462,TRUE
135,"Handajega",4,4,2,16,"A-hor",5,132.3,5,63,"14/12/2017 13:33",-2.16714,34.01931,1203,"Wild",2016,13,1279.26,198.5,48.51,46.91,46.91,191.95,1.45,NA,NA,NA,NA,NA,NA,NA,NA,NA,2.45,1.78,NA,0.16,0.12,6.41,NA,NA,NA,NA,"",NA,174.818457928462,TRUE
136,"Handajega",4,4,2,16,"Min-hor",17.5,117.75,15,63,"14/12/2017 13:33",-2.16714,34.01931,1203,"Wild",2016,13,1279.26,194,54.64,51.59,49.6,176.11,1.5,NA,NA,NA,NA,NA,NA,NA,NA,NA,1.23,2.3,NA,0.09,0.23,6.42,NA,NA,NA,NA,"",NA,174.818457928462,TRUE
137,"Handajega",4,4,3,16,"A-hor",5,132.3,5,64,"14/12/2017 13:46",-2.16733,34.0193,1203,"Wild",2016,13,1279.26,193.5,51.97,49.46,49.46,184.15,1.39,NA,NA,NA,NA,NA,NA,NA,NA,NA,2.34,1.63,NA,0.16,0.11,6.35,NA,NA,NA,NA,"",NA,174.818457928462,TRUE
138,"Handajega",4,4,3,16,"Min-hor",17.33,116.18,15,64,"14/12/2017 13:46",-2.16733,34.0193,1203,"Wild",2016,13,1279.26,170.5,55.14,53.25,53.25,164.66,1.42,NA,NA,NA,NA,NA,NA,NA,NA,NA,1.65,2.88,NA,0.11,0.28,5.94,NA,NA,NA,NA,"",NA,174.818457928462,TRUE
139,"Handajega",4,4,4,16,"A-hor",5,132.3,5,65,"14/12/2017 13:55",-2.1672,34.01934,1202,"Wild",2016,13,1279.26,191,49.2,46.28,46.28,179.66,1.36,NA,NA,NA,NA,NA,NA,NA,NA,NA,1.22,0.83,NA,0.09,0.06,6.49,NA,NA,NA,NA,"",NA,174.818457928462,TRUE
140,"Handajega",4,4,4,16,"Min-hor",17.33,116.18,15,65,"14/12/2017 13:55",-2.1672,34.01934,1202,"Wild",2016,13,1279.26,207,52.03,49.41,49.41,196.58,1.69,NA,NA,NA,NA,NA,NA,NA,NA,NA,1.47,3.08,NA,0.11,0.33,6.31,NA,NA,NA,NA,"",NA,174.818457928462,TRUE
149,"Seronera",5,1,1,17,"O-hor",2.67,22.64,3,70,"16/12/2017 09:14",-2.26355,34.50305,1519,"Wild",2016,4,855.62,43.66,43.66,38.17,38.17,38.17,1.69,NA,NA,NA,NA,NA,NA,NA,NA,NA,1.97,0.89,NA,0.15,0.07,6.64,NA,NA,NA,NA,"",1.433,NA,TRUE
150,"Seronera",5,1,1,17,"A-hor",5,132.3,5,70,"16/12/2017 09:14",-2.26355,34.50305,1519,"Wild",2016,4,855.62,194,104.69,93.56,87.9,162.89,1.23,NA,NA,NA,NA,NA,NA,NA,NA,NA,1.02,0.63,NA,0.07,0.04,6.66,NA,NA,NA,NA,"",NA,NA,TRUE
151,"Seronera",5,1,1,17,"Min-hor",17.5,117.75,15,70,"16/12/2017 09:14",-2.26355,34.50305,1519,"Wild",2016,4,855.62,209,97.52,88.03,71.6,153.45,1.3,NA,NA,NA,NA,NA,NA,NA,NA,NA,1.69,2.75,NA,0.14,0.32,7.04,NA,NA,NA,NA,"",NA,NA,TRUE
152,"Seronera",5,1,2,17,"A-hor",5,132.3,5,71,"16/12/2017 09:35",-2.26359,34.50311,1519,"Wild",2016,4,855.62,188,49.15,44.8,41.1,157.21,1.19,NA,NA,NA,NA,NA,NA,NA,NA,NA,1.22,0.73,NA,0.11,0.07,6.78,NA,NA,NA,NA,"",NA,NA,TRUE
153,"Seronera",5,1,2,17,"Min-hor",17.5,117.75,15,71,"16/12/2017 09:35",-2.26359,34.50311,1519,"Wild",2016,4,855.62,187,53.37,48.33,44.8,156.97,1.33,NA,NA,NA,NA,NA,NA,NA,NA,NA,1.05,1.74,NA,0.09,0.21,6.82,NA,NA,NA,NA,"",NA,NA,TRUE
154,"Seronera",5,1,3,17,"A-hor",5,132.3,5,72,"16/12/2017 09:59",-2.26361,34.50311,1519,"Wild",2016,4,855.62,298,46.42,41.86,38.6,247.8,1.87,NA,NA,NA,NA,NA,NA,NA,NA,NA,1.24,1.16,NA,0.12,0.11,6.7,NA,NA,NA,NA,"",NA,NA,TRUE
155,"Seronera",5,1,3,17,"Min-hor",18.83,173.75,15,72,"16/12/2017 09:59",-2.26361,34.50311,1519,"Wild",2016,4,855.62,313,57.56,52.82,45.4,246.88,1.42,NA,NA,NA,NA,NA,NA,NA,NA,NA,1.09,2.13,NA,0.1,0.26,7.15,NA,NA,NA,NA,"",NA,NA,TRUE
156,"Seronera",5,1,4,17,"A-hor",5,132.3,5,73,"16/12/2017 10:23",-2.26365,34.50307,1521,"Wild",2016,4,855.62,228,45.43,42.46,37.9,190.21,1.44,NA,NA,NA,NA,NA,NA,NA,NA,NA,1.06,0.76,NA,0.09,0.07,6.79,NA,NA,NA,NA,"",NA,NA,TRUE
157,"Seronera",5,1,4,17,"Min-hor",17.5,117.75,15,73,"16/12/2017 10:23",-2.26365,34.50307,1521,"Wild",2016,4,855.62,175,53.2,48.67,48.67,160.1,1.36,NA,NA,NA,NA,NA,NA,NA,NA,NA,1.85,3.15,NA,0.15,0.35,7.54,NA,NA,NA,NA,"",NA,NA,TRUE
158,"Seronera",5,2,1,18,"A-hor",5,132.3,5,74,"16/12/2017 10:43",-2.26296,34.50203,1518,"Wild",2016,4,855.62,214,103.44,97,88.2,182.47,1.38,98.86,1.36,3.98,4.83,0.18,0.82,12,21,67,1.88,1.29,1.55,0.15,0.1,6.77,18.71,0.69,2.5,0.46,"49",1.165,NA,TRUE
159,"Seronera",5,2,1,18,"Min-hor",17.33,116.18,15,74,"16/12/2017 10:43",-2.26296,34.50203,1518,"Wild",2016,4,855.62,200,104.74,97.34,83.1,158.68,1.37,98.05,1.34,4.16,5.38,0.23,0.77,24,17,60,1.37,2.31,1.06,0.11,0.26,7.63,21.95,1.1,2.7,0.3,"9.5",NA,NA,TRUE
160,"Seronera",5,2,2,18,"A-hor",5,132.3,5,75,"16/12/2017 10:59",-2.26286,34.50206,1521,"Wild",2016,4,855.62,169,46.44,40.27,40.27,146.55,1.11,NA,NA,NA,NA,NA,NA,NA,NA,NA,1.53,0.85,NA,0.13,0.07,6.56,NA,NA,NA,NA,"",NA,NA,TRUE
161,"Seronera",5,2,2,18,"Min-hor",17.17,114.61,15,75,"16/12/2017 10:59",-2.26286,34.50206,1521,"Wild",2016,4,855.62,196,57.11,51.17,47.3,162.33,1.42,NA,NA,NA,NA,NA,NA,NA,NA,NA,1.87,3.21,NA,0.16,0.38,7.23,NA,NA,NA,NA,"",NA,NA,TRUE
162,"Seronera",5,2,3,18,"A-hor",5,132.3,5,76,"16/12/2017 11:19",-2.26299,34.50193,1521,"Wild",2016,4,855.62,162,46.46,41.85,37.8,131.8,1,NA,NA,NA,NA,NA,NA,NA,NA,NA,1.66,0.83,NA,0.14,0.07,6.79,NA,NA,NA,NA,"",NA,NA,TRUE
163,"Seronera",5,2,3,18,"Min-hor",17.5,117.75,15,76,"16/12/2017 11:19",-2.26299,34.50193,1521,"Wild",2016,4,855.62,194,43.27,38.74,34.4,154.23,1.31,NA,NA,NA,NA,NA,NA,NA,NA,NA,1.12,1.84,NA,0.1,0.22,7.47,NA,NA,NA,NA,"",NA,NA,TRUE
164,"Seronera",5,2,4,18,"A-hor",5,132.3,5,77,"16/12/2017 11:25",-2.26291,34.50197,1519,"Wild",2016,4,855.62,190,48.63,43.79,39.9,155.89,1.18,NA,NA,NA,NA,NA,NA,NA,NA,NA,1.77,1.04,NA,0.15,0.09,6.72,NA,NA,NA,NA,"",NA,NA,TRUE
165,"Seronera",5,2,4,18,"Min-hor",17.67,119.32,15,77,"16/12/2017 11:25",-2.26291,34.50197,1519,"Wild",2016,4,855.62,203,47.82,41.67,37.5,159.19,1.33,NA,NA,NA,NA,NA,NA,NA,NA,NA,1.01,1.71,NA,0.1,0.23,7.55,NA,NA,NA,NA,"",NA,NA,TRUE
166,"Seronera",5,3,1,19,"O-hor",1.67,14.15,3,78,"16/12/2017 11:57",-2.26087,34.50042,1517,"Wild",2016,6,855.62,30.42,30.42,29.65,28.1,28.1,1.99,NA,NA,NA,NA,NA,NA,NA,NA,NA,1.38,0.46,NA,0.12,0.04,6.92,NA,NA,NA,NA,"",1.409,NA,TRUE
167,"Seronera",5,3,1,19,"A-hor",5,132.3,5,78,"16/12/2017 11:57",-2.26087,34.50042,1517,"Wild",2016,6,855.62,216,98.27,91.6,86.7,190.57,1.44,NA,NA,NA,NA,NA,NA,NA,NA,NA,1.03,0.74,NA,0.09,0.07,6.59,NA,NA,NA,NA,"",NA,NA,TRUE
168,"Seronera",5,3,1,19,"Min-hor",17.33,116.18,15,78,"16/12/2017 11:57",-2.26087,34.50042,1517,"Wild",2016,6,855.62,185,96.35,90.23,78.6,150.92,1.3,NA,NA,NA,NA,NA,NA,NA,NA,NA,2.26,3.62,NA,0.19,0.43,7.22,NA,NA,NA,NA,"",NA,NA,TRUE
169,"Seronera",5,3,2,19,"O-hor",1.5,8.49,3,79,"16/12/2017 12:26",-2.2608,34.5005,1518,"Wild",2016,6,855.62,19.27,19.27,17.7,16.5,16.5,1.94,NA,NA,NA,NA,NA,NA,NA,NA,NA,1.6,0.47,NA,0.13,0.04,6.38,NA,NA,NA,NA,"",NA,NA,TRUE
170,"Seronera",5,3,2,19,"A-hor",5,132.3,5,79,"16/12/2017 12:26",-2.2608,34.5005,1518,"Wild",2016,6,855.62,203.5,47.09,42.65,42.65,184.31,1.39,NA,NA,NA,NA,NA,NA,NA,NA,NA,1.7,1.18,NA,0.14,0.1,6.53,NA,NA,NA,NA,"",NA,NA,TRUE
171,"Seronera",5,3,2,19,"Min-hor",15.83,102.05,15,79,"16/12/2017 12:26",-2.2608,34.5005,1518,"Wild",2016,6,855.62,182,55.15,49.91,49.91,164.71,1.61,NA,NA,NA,NA,NA,NA,NA,NA,NA,1.46,2.55,NA,0.13,0.32,7.14,NA,NA,NA,NA,"",NA,NA,TRUE
172,"Seronera",5,3,3,19,"A-hor",5,132.3,5,80,"16/12/2017 12:26",-2.26091,34.50037,1517,"Wild",2016,6,855.62,219,53.48,43.71,43.71,178.99,1.35,NA,NA,NA,NA,NA,NA,NA,NA,NA,1.58,1.07,NA,0.13,0.09,6.34,NA,NA,NA,NA,"",NA,NA,TRUE
173,"Seronera",5,3,3,19,"Min-hor",17.17,114.61,15,80,"16/12/2017 12:26",-2.26091,34.50037,1517,"Wild",2016,6,855.62,182,53.71,49.97,49.97,169.33,1.48,NA,NA,NA,NA,NA,NA,NA,NA,NA,1.61,2.9,NA,0.13,0.34,7.53,NA,NA,NA,NA,"",NA,NA,TRUE
174,"Seronera",5,3,4,19,"O-hor",2.5,21.23,3,81,"16/12/2017 12:37",-2.26086,34.50033,1518,"Wild",2016,6,855.62,28.99,28.99,27.4,27.4,27.4,1.29,NA,NA,NA,NA,NA,NA,NA,NA,NA,1.67,0.54,NA,0.14,0.04,6.74,NA,NA,NA,NA,"",NA,NA,TRUE
175,"Seronera",5,3,4,19,"A-hor",5,132.3,5,81,"16/12/2017 12:37",-2.26086,34.50033,1518,"Wild",2016,6,855.62,226.5,59.48,54.17,50.4,191.92,1.45,NA,NA,NA,NA,NA,NA,NA,NA,NA,1.4,1.02,NA,0.12,0.09,6.72,NA,NA,NA,NA,"",NA,NA,TRUE
176,"Seronera",5,3,4,19,"Min-hor",17.33,116.18,15,81,"16/12/2017 12:37",-2.26086,34.50033,1518,"Wild",2016,6,855.62,167.5,51.58,45.92,44.5,144.51,1.24,NA,NA,NA,NA,NA,NA,NA,NA,NA,1.1,1.69,NA,0.1,0.21,7.03,NA,NA,NA,NA,"",NA,NA,TRUE
141,"Seronera",5,4,1,20,"A-hor",5,132.3,5,66,"15/12/2017 15:16",-2.26281,34.51312,1566,"Wild",NA,NA,855.62,205,99.74,96.83,89.7,184.36,1.39,98.9,1.38,4.12,5.11,0.19,0.81,10,21,69,1.82,1.27,1.47,0.15,0.11,6.85,18.67,0.86,3.5,0.54,"36",1.501,NA,TRUE
142,"Seronera",5,4,1,20,"Min-hor",18.33,125.6,15,66,"15/12/2017 15:16",-2.26281,34.51312,1566,"Wild",NA,NA,855.62,214,97.88,91.44,81.4,177.97,1.42,98.11,1.39,4.14,5.35,0.23,0.77,21,16,62,1.97,3.73,1.53,0.16,0.42,7.29,19.36,0.99,3.5,0.25,"0",NA,NA,TRUE
143,"Seronera",5,4,2,20,"A-hor",5,132.3,5,67,"15/12/2017 15:31",-2.26275,34.51322,1544,"Wild",NA,NA,855.62,298.5,49.42,48.34,42.7,257.91,1.95,NA,NA,NA,NA,NA,NA,NA,NA,NA,1.65,1.61,NA,0.14,0.14,7.12,NA,NA,NA,NA,"",NA,NA,TRUE
144,"Seronera",5,4,2,20,"Min-hor",16.67,109.9,15,67,"15/12/2017 15:31",-2.26275,34.51322,1544,"Wild",NA,NA,855.62,187,45.53,41.63,38.2,156.89,1.43,NA,NA,NA,NA,NA,NA,NA,NA,NA,1.92,3.2,NA,0.16,0.38,7.62,NA,NA,NA,NA,"",NA,NA,TRUE
145,"Seronera",5,4,3,20,"A-hor",5,132.3,5,68,"15/12/2017 15:41",-2.26268,34.51317,1542,"Wild",NA,NA,855.62,205,49.72,48.58,43.8,180.59,1.37,NA,NA,NA,NA,NA,NA,NA,NA,NA,1.28,0.88,NA,0.11,0.08,7.01,NA,NA,NA,NA,"",NA,NA,TRUE
146,"Seronera",5,4,3,20,"Min-hor",14,84.78,15,68,"15/12/2017 15:41",-2.26268,34.51317,1542,"Wild",NA,NA,855.62,146,46.04,43.58,37.2,117.97,1.39,NA,NA,NA,NA,NA,NA,NA,NA,NA,1.54,1.93,NA,0.12,0.24,7.65,NA,NA,NA,NA,"",NA,NA,TRUE
147,"Seronera",5,4,4,20,"A-hor",5,132.3,5,69,"15/12/2017 15:55",-2.26275,34.5132,1539,"Wild",NA,NA,855.62,201,51.29,48.57,43.8,171.65,1.3,NA,NA,NA,NA,NA,NA,NA,NA,NA,2.19,1.42,NA,0.15,0.1,7.17,NA,NA,NA,NA,"",NA,NA,TRUE
148,"Seronera",5,4,4,20,"Min-hor",15,94.2,15,69,"15/12/2017 15:55",-2.26275,34.5132,1539,"Wild",NA,NA,855.62,158,52.29,46.95,44.4,134.16,1.42,NA,NA,NA,NA,NA,NA,NA,NA,NA,1.71,2.43,NA,0.15,0.31,7.82,NA,NA,NA,NA,"",NA,NA,TRUE
177,"Park Nyigoti",6,1,1,21,"A-hor",5,132.3,5,82,"17/12/2017 08:36",-2.01101,34.39382,1376,"Pasture",2013,8,1134.81,170,108.08,92.51,92.51,145.51,1.1,98.06,1.08,8.56,9.71,0.12,0.88,23,46,32,2.63,1.44,2.31,0.16,0.09,6.22,25.41,0.9,4.9,0.74,"82",1.137,985.367689211205,TRUE
178,"Park Nyigoti",6,1,1,21,"Min-hor",18.17,124.03,15,82,"17/12/2017 08:36",-2.01101,34.39382,1376,"Pasture",2013,8,1134.81,199,100.67,89.01,89.01,175.95,1.42,98.17,1.39,6.45,7.68,0.16,0.84,26,39,35,2.21,4.12,1.85,0.14,0.35,5.98,21.77,0.99,6.2,0.76,"72",NA,985.367689211205,TRUE
179,"Park Nyigoti",6,1,2,21,"A-hor",5,132.3,5,83,"17/12/2017 08:49",-2.01111,34.39384,1376,"Pasture",2013,8,1134.81,179,52.16,45.62,45.62,156.56,1.18,NA,NA,NA,NA,NA,NA,NA,NA,NA,2.55,1.51,NA,0.16,0.09,6.21,NA,NA,NA,NA,"",NA,985.367689211205,TRUE
180,"Park Nyigoti",6,1,2,21,"Min-hor",17.17,114.61,15,83,"17/12/2017 08:49",-2.01111,34.39384,1376,"Pasture",2013,8,1134.81,187,53.28,48.28,48.28,169.45,1.48,NA,NA,NA,NA,NA,NA,NA,NA,NA,1.35,2.43,NA,0.09,0.23,6.09,NA,NA,NA,NA,"",NA,985.367689211205,TRUE
181,"Park Nyigoti",6,1,3,21,"A-hor",5,132.3,5,84,"17/12/2017 08:59",-2.01112,34.39388,1376,"Pasture",2013,8,1134.81,188.5,56.43,46.71,46.71,156.03,1.18,NA,NA,NA,NA,NA,NA,NA,NA,NA,3.31,1.95,NA,0.21,0.12,6.14,NA,NA,NA,NA,"",NA,985.367689211205,TRUE
182,"Park Nyigoti",6,1,3,21,"Min-hor",19.67,138.16,15,84,"17/12/2017 08:59",-2.01112,34.39388,1376,"Pasture",2013,8,1134.81,225,45.98,39.12,39.12,191.43,1.39,NA,NA,NA,NA,NA,NA,NA,NA,NA,1.32,2.69,NA,0.08,0.22,6.03,NA,NA,NA,NA,"",NA,985.367689211205,TRUE
183,"Park Nyigoti",6,1,4,21,"A-hor",5,132.3,5,85,"17/12/2017 09:13",-2.01111,34.39379,1377,"Pasture",2013,8,1134.81,167,52.6,45.15,45.15,143.35,1.08,NA,NA,NA,NA,NA,NA,NA,NA,NA,2.46,1.33,NA,0.15,0.08,6.17,NA,NA,NA,NA,"",NA,985.367689211205,TRUE
184,"Park Nyigoti",6,1,4,21,"Min-hor",18,122.46,15,85,"17/12/2017 09:13",-2.01111,34.39379,1377,"Pasture",2013,8,1134.81,204.5,57.74,50.28,50.28,178.08,1.45,NA,NA,NA,NA,NA,NA,NA,NA,NA,2.05,3.87,NA,0.12,0.31,5.95,NA,NA,NA,NA,"",NA,985.367689211205,TRUE
185,"Park Nyigoti",6,2,1,22,"A-hor",5,132.3,5,86,"17/12/2017 09:47",-2.01498,34.39169,1370,"Pasture",2010,7,1134.81,156,101.39,87.77,87.77,135.04,1.02,NA,NA,NA,NA,NA,NA,NA,NA,NA,3.24,1.65,NA,0.2,0.1,6.66,NA,NA,NA,NA,"",0.987,985.367689211205,TRUE
186,"Park Nyigoti",6,2,1,22,"Min-hor",18,122.46,15,86,"17/12/2017 09:47",-2.01498,34.39169,1370,"Pasture",2010,7,1134.81,183,98.86,84.28,72.3,133.83,1.09,NA,NA,NA,NA,NA,NA,NA,NA,NA,2.67,3.79,NA,0.16,0.31,6.44,NA,NA,NA,NA,"",NA,985.367689211205,TRUE
187,"Park Nyigoti",6,2,2,22,"A-hor",5,132.3,5,87,"17/12/2017 10:01",-2.01491,34.39174,1371,"Pasture",2010,7,1134.81,167.5,47.15,40.9,38.9,138.19,1.04,NA,NA,NA,NA,NA,NA,NA,NA,NA,3.2,1.67,NA,0.17,0.09,6.42,NA,NA,NA,NA,"",NA,985.367689211205,TRUE
188,"Park Nyigoti",6,2,2,22,"Min-hor",18.17,124.03,15,87,"17/12/2017 10:01",-2.01491,34.39174,1371,"Pasture",2010,7,1134.81,183,47.09,40.81,40.81,158.59,1.28,NA,NA,NA,NA,NA,NA,NA,NA,NA,2.96,4.99,NA,0.17,0.39,6.43,NA,NA,NA,NA,"",NA,985.367689211205,TRUE
189,"Park Nyigoti",6,2,3,22,"A-hor",5,132.3,5,88,"17/12/2017 10:10",-2.01496,34.39178,1371,"Pasture",2010,7,1134.81,133,57.36,48.8,48.8,113.15,0.86,NA,NA,NA,NA,NA,NA,NA,NA,NA,3.65,1.56,NA,0.2,0.09,6.47,NA,NA,NA,NA,"",NA,985.367689211205,TRUE
190,"Park Nyigoti",6,2,3,22,"Min-hor",17,113.04,15,88,"17/12/2017 10:10",-2.01496,34.39178,1371,"Pasture",2010,7,1134.81,182,43.73,36.56,36.56,152.16,1.35,NA,NA,NA,NA,NA,NA,NA,NA,NA,2.93,4.74,NA,0.2,0.45,6.37,NA,NA,NA,NA,"",NA,985.367689211205,TRUE
191,"Park Nyigoti",6,2,4,22,"A-hor",5,132.3,5,89,"17/12/2017 10:19",-2.01488,34.39178,1373,"Pasture",2010,7,1134.81,161,56.05,50.27,47.4,136.15,1.03,NA,NA,NA,NA,NA,NA,NA,NA,NA,2.97,1.53,NA,0.21,0.11,6.42,NA,NA,NA,NA,"",NA,985.367689211205,TRUE
192,"Park Nyigoti",6,2,4,22,"Min-hor",17,113.04,15,89,"17/12/2017 10:19",-2.01488,34.39178,1373,"Pasture",2010,7,1134.81,168.5,49.76,44.88,44.88,151.98,1.34,NA,NA,NA,NA,NA,NA,NA,NA,NA,2,3.23,NA,0.14,0.33,6.48,NA,NA,NA,NA,"",NA,985.367689211205,TRUE
193,"Park Nyigoti",6,3,1,23,"A-hor",5,132.3,5,90,"17/12/2017 10:58",-2.01952,34.39136,1372,"Pasture",2007,6,1134.81,184.5,107.42,95.5,95.5,164.03,1.24,98.31,1.22,7.14,7.99,0.11,0.89,21,36,44,2.29,1.42,2.04,0.17,0.1,6.54,25.28,0.92,3.5,0.52,"56",1.273,985.367689211205,TRUE
194,"Park Nyigoti",6,3,1,23,"Min-hor",20,141.3,15,90,"17/12/2017 10:58",-2.01952,34.39136,1372,"Pasture",2007,6,1134.81,229.5,112.61,99.17,99.17,202.11,1.43,98.7,1.41,5.72,6.63,0.14,0.86,22,37,41,1.88,4.04,1.63,0.14,0.39,6.41,23.53,1.1,4.3,0.49,"37",NA,985.367689211205,TRUE
195,"Park Nyigoti",6,3,2,23,"A-hor",5,132.3,5,91,"17/12/2017 11:10",-2.01945,34.39138,1370,"Pasture",2007,6,1134.81,188,55.43,48.72,48.72,165.24,1.25,NA,NA,NA,NA,NA,NA,NA,NA,NA,2.44,1.52,NA,0.17,0.11,6.34,NA,NA,NA,NA,"",NA,985.367689211205,TRUE
196,"Park Nyigoti",6,3,2,23,"Min-hor",20,141.3,15,91,"17/12/2017 11:10",-2.01945,34.39138,1370,"Pasture",2007,6,1134.81,241.5,53.03,45.94,45.94,209.21,1.48,NA,NA,NA,NA,NA,NA,NA,NA,NA,1.86,4.12,NA,0.13,0.38,6.23,NA,NA,NA,NA,"",NA,985.367689211205,TRUE
197,"Park Nyigoti",6,3,3,23,"A-hor",5,132.3,5,92,"17/12/2017 11:23",-2.01946,34.39135,1370,"Pasture",2007,6,1134.81,230,53.74,44.89,44.89,192.12,1.45,NA,NA,NA,NA,NA,NA,NA,NA,NA,3.69,2.68,NA,0.25,0.18,6.33,NA,NA,NA,NA,"",NA,985.367689211205,TRUE
198,"Park Nyigoti",6,3,3,23,"Min-hor",20,141.3,15,92,"17/12/2017 11:23",-2.01946,34.39135,1370,"Pasture",2007,6,1134.81,242,51.43,43.99,43.99,206.99,1.46,NA,NA,NA,NA,NA,NA,NA,NA,NA,1.45,3.18,NA,0.09,0.28,6.04,NA,NA,NA,NA,"",NA,985.367689211205,TRUE
199,"Park Nyigoti",6,3,4,23,"A-hor",5,132.3,5,93,"17/12/2017 11:36",-2.01953,34.39138,1370,"Pasture",2007,6,1134.81,175.4,50.19,43.53,43.53,152.13,1.15,NA,NA,NA,NA,NA,NA,NA,NA,NA,3.24,1.86,NA,0.22,0.13,6.5,NA,NA,NA,NA,"",NA,985.367689211205,TRUE
200,"Park Nyigoti",6,3,4,23,"Min-hor",19.33,135.02,15,93,"17/12/2017 11:36",-2.01953,34.39138,1370,"Pasture",2007,6,1134.81,209.5,52.19,44.98,44.98,180.56,1.34,NA,NA,NA,NA,NA,NA,NA,NA,NA,1.87,3.58,NA,0.13,0.34,6.25,NA,NA,NA,NA,"",NA,985.367689211205,TRUE
201,"Park Nyigoti",6,4,1,24,"A-hor",5,132.3,5,94,"17/12/2017 12:02",-2.02297,34.39121,1368,"Pasture",2013,5,1134.81,172.5,104.68,90.41,87.5,144.19,1.09,NA,NA,NA,NA,NA,NA,NA,NA,NA,3.41,1.86,NA,0.26,0.14,7.01,NA,NA,NA,NA,"",1.018,831.8551542124,TRUE
202,"Park Nyigoti",6,4,1,24,"Min-hor",18.67,128.74,15,94,"17/12/2017 12:02",-2.02297,34.39121,1368,"Pasture",2013,5,1134.81,92,94.67,82.49,78,75.8,0.59,NA,NA,NA,NA,NA,NA,NA,NA,NA,2.44,1.96,NA,0.17,0.19,7.06,NA,NA,NA,NA,"",NA,831.8551542124,TRUE
203,"Park Nyigoti",6,4,2,24,"A-hor",5,132.3,5,95,"17/12/2017 12:15",-2.0231,34.3913,1367,"Pasture",2013,5,1134.81,157,51.96,45.61,45.61,137.81,1.04,NA,NA,NA,NA,NA,NA,NA,NA,NA,3.08,1.6,NA,0.2,0.11,7.02,NA,NA,NA,NA,"",NA,831.8551542124,TRUE
204,"Park Nyigoti",6,4,2,24,"Min-hor",18.17,124.03,15,95,"17/12/2017 12:15",-2.0231,34.3913,1367,"Pasture",2013,5,1134.81,171,53.09,45.78,42.6,137.21,1.11,NA,NA,NA,NA,NA,NA,NA,NA,NA,2.7,3.93,NA,0.16,0.33,6.79,NA,NA,NA,NA,"",NA,831.8551542124,TRUE
205,"Park Nyigoti",6,4,3,24,"A-hor",5,132.3,5,96,"17/12/2017 12:32",-2.02298,34.39125,1368,"Pasture",2013,5,1134.81,157,49.75,40.73,34,107.3,0.81,NA,NA,NA,NA,NA,NA,NA,NA,NA,2.96,1.2,NA,0.21,0.08,7.09,NA,NA,NA,NA,"",NA,831.8551542124,TRUE
206,"Park Nyigoti",6,4,3,24,"Min-hor",19.33,135.02,15,96,"17/12/2017 12:32",-2.02298,34.39125,1368,"Pasture",2013,5,1134.81,193.5,47.48,39.81,32.4,132.04,0.98,NA,NA,NA,NA,NA,NA,NA,NA,NA,2.96,4.15,NA,0.2,0.38,7.02,NA,NA,NA,NA,"",NA,831.8551542124,TRUE
207,"Park Nyigoti",6,4,4,24,"A-hor",5,132.3,5,97,"17/12/2017 12:38",-2.02307,34.39129,1368,"Pasture",2013,5,1134.81,169.5,50.58,44.62,44.62,149.53,1.13,NA,NA,NA,NA,NA,NA,NA,NA,NA,2.96,1.68,NA,0.19,0.11,6.98,NA,NA,NA,NA,"",NA,831.8551542124,TRUE
208,"Park Nyigoti",6,4,4,24,"Min-hor",19.17,133.45,15,97,"17/12/2017 12:38",-2.02307,34.39129,1368,"Pasture",2013,5,1134.81,191.3,54.04,47.7,47.7,168.86,1.27,NA,NA,NA,NA,NA,NA,NA,NA,NA,2.79,5,NA,0.18,0.43,6.8,NA,NA,NA,NA,"",NA,831.8551542124,TRUE
209,"Ikorongo",7,1,1,25,"A-hor",5,132.3,5,110,"18/12/2017 12:08",-2.00756,34.39851,1397,"Wild",2015,11,1134.81,184,102.82,87.19,87.19,156.03,1.18,97.33,1.15,9.7,10.92,0.11,0.89,35,40,25,3.49,2.06,3.11,0.2,0.12,6.4,36.54,1.5,3.2,0.6,"64",1.156,985.367689211205,TRUE
210,"Ikorongo",7,1,1,25,"Min-hor",18,122.46,15,110,"18/12/2017 12:08",-2.00756,34.39851,1397,"Wild",2015,11,1134.81,195,91.22,77.44,77.44,165.54,1.35,97.36,1.32,8.2,9.53,0.14,0.86,39,36,25,2.6,4.57,2.24,0.14,0.35,6.2,32.09,1.5,3.5,0.6,"67",NA,985.367689211205,TRUE
211,"Ikorongo",7,1,2,25,"A-hor",5,132.3,5,111,"18/12/2017 12:21",-2.00738,34.39859,1393,"Wild",2015,11,1134.81,181,43.79,37.36,37.36,154.42,1.17,NA,NA,NA,NA,NA,NA,NA,NA,NA,4.25,2.48,NA,0.24,0.14,6.32,NA,NA,NA,NA,"",NA,985.367689211205,TRUE
212,"Ikorongo",7,1,2,25,"Min-hor",17.17,114.61,15,111,"18/12/2017 12:21",-2.00738,34.39859,1393,"Wild",2015,11,1134.81,178,57.68,50.05,50.05,154.45,1.35,NA,NA,NA,NA,NA,NA,NA,NA,NA,3.6,5.91,NA,0.21,0.49,6.01,NA,NA,NA,NA,"",NA,985.367689211205,TRUE
213,"Ikorongo",7,1,3,25,"A-hor",5,132.3,5,112,"18/12/2017 12:23",-2.00748,34.39852,1393,"Wild",2015,11,1134.81,179,47.38,41.34,41.34,156.18,1.18,NA,NA,NA,NA,NA,NA,NA,NA,NA,2.68,1.58,NA,0.16,0.09,6.5,NA,NA,NA,NA,"",NA,985.367689211205,TRUE
214,"Ikorongo",7,1,3,25,"Min-hor",16.67,109.9,15,112,"18/12/2017 12:23",-2.00748,34.39852,1393,"Wild",2015,11,1134.81,162.3,54.01,47.95,47.95,144.09,1.31,NA,NA,NA,NA,NA,NA,NA,NA,NA,3.06,4.68,NA,0.19,0.42,6.277,NA,NA,NA,NA,"",NA,985.367689211205,TRUE
215,"Ikorongo",7,1,4,25,"A-hor",5,132.3,5,113,"18/12/2017 12:43",-2.00751,34.3986,1393,"Wild",2015,11,1134.81,162,55.73,49.96,49.96,145.23,1.1,NA,NA,NA,NA,NA,NA,NA,NA,NA,2.54,1.4,NA,0.16,0.09,7.05,NA,NA,NA,NA,"",NA,985.367689211205,TRUE
216,"Ikorongo",7,1,4,25,"Min-hor",17.5,117.75,15,113,"18/12/2017 12:43",-2.00751,34.3986,1393,"Wild",2015,11,1134.81,174,50.07,44.18,44.18,153.53,1.3,NA,NA,NA,NA,NA,NA,NA,NA,NA,2.44,3.98,NA,0.16,0.37,6.5,NA,NA,NA,NA,"",NA,985.367689211205,TRUE
217,"Ikorongo",7,2,1,26,"A-hor",5,132.3,5,106,"18/12/2017 11:24",-2.00988,34.39794,1388,"Wild",2013,10,1134.81,193,105.48,87.3,87.3,159.74,1.21,NA,NA,NA,NA,NA,NA,NA,NA,NA,3.64,2.2,NA,0.21,0.13,6.33,NA,NA,NA,NA,"",1.252,985.367689211205,TRUE
218,"Ikorongo",7,2,1,26,"Min-hor",18.17,124.03,15,106,"18/12/2017 11:24",-2.00988,34.39794,1388,"Wild",2013,10,1134.81,209.5,102.45,88.05,88.05,180.05,1.45,NA,NA,NA,NA,NA,NA,NA,NA,NA,2.16,4.13,NA,0.13,0.34,6.03,NA,NA,NA,NA,"",NA,985.367689211205,TRUE
219,"Ikorongo",7,2,2,26,"A-hor",5,132.3,5,107,"18/12/2017 11:27",-2.00995,34.39789,1388,"Wild",2013,10,1134.81,180.5,50.47,43.3,43.3,154.86,1.17,NA,NA,NA,NA,NA,NA,NA,NA,NA,2.87,1.68,NA,0.17,0.1,6.34,NA,NA,NA,NA,"",NA,985.367689211205,TRUE
220,"Ikorongo",7,2,2,26,"Min-hor",18.5,127.17,15,107,"18/12/2017 11:27",-2.00995,34.39789,1388,"Wild",2013,10,1134.81,210.5,58.41,50.92,50.92,183.51,1.44,NA,NA,NA,NA,NA,NA,NA,NA,NA,1.92,3.74,NA,0.11,0.3,6.03,NA,NA,NA,NA,"",NA,985.367689211205,TRUE
221,"Ikorongo",7,2,3,26,"A-hor",5,132.3,5,108,"18/12/2017 11:32",-2.0099,34.39798,1388,"Wild",2013,10,1134.81,196.5,51.44,42.44,42.44,162.12,1.23,NA,NA,NA,NA,NA,NA,NA,NA,NA,3,1.84,NA,0.18,0.11,6.32,NA,NA,NA,NA,"",NA,985.367689211205,TRUE
222,"Ikorongo",7,2,3,26,"Min-hor",19.83,139.73,15,108,"18/12/2017 11:32",-2.0099,34.39798,1388,"Wild",2013,10,1134.81,216,57.47,49.19,49.19,184.88,1.32,NA,NA,NA,NA,NA,NA,NA,NA,NA,2.49,4.88,NA,0.16,0.41,6.19,NA,NA,NA,NA,"",NA,985.367689211205,TRUE
223,"Ikorongo",7,2,4,26,"A-hor",5,132.3,5,109,"18/12/2017 11:42",-2.00982,34.39798,1389,"Wild",2013,10,1134.81,222,52.47,43.91,43.91,185.78,1.4,NA,NA,NA,NA,NA,NA,NA,NA,NA,3.27,2.3,NA,0.2,0.14,6.28,NA,NA,NA,NA,"",NA,985.367689211205,TRUE
224,"Ikorongo",7,2,4,26,"Min-hor",19,131.88,15,109,"18/12/2017 11:42",-2.00982,34.39798,1389,"Wild",2013,10,1134.81,176.5,52.58,44.75,44.75,150.22,1.14,NA,NA,NA,NA,NA,NA,NA,NA,NA,2.67,4.26,NA,0.15,0.33,6.17,NA,NA,NA,NA,"",NA,985.367689211205,TRUE
225,"Ikorongo",7,3,1,27,"A-hor",5,132.3,5,102,"18/12/2017 10:23",-2.01173,34.39643,1379,"Wild",2013,10,1134.81,183,95.92,80.67,80.67,153.91,1.16,97.99,1.14,8.62,10.13,0.15,0.85,25,44,31,3.42,1.99,2.91,0.2,0.12,6.31,26.92,1.1,4.3,0.6,"59",1.197,985.367689211205,TRUE
226,"Ikorongo",7,3,1,27,"Min-hor",18.5,127.17,15,102,"18/12/2017 10:23",-2.01173,34.39643,1379,"Wild",2013,10,1134.81,202.5,100.91,87.66,84.8,170.17,1.34,98.06,1.31,6.54,8.02,0.19,0.81,28,40,31,2.09,3.77,1.7,0.13,0.32,6.09,18.11,1.2,4.8,0.63,"65",NA,985.367689211205,TRUE
227,"Ikorongo",7,3,2,27,"A-hor",5,132.3,5,103,"18/12/2017 10:35",-2.01167,34.39652,1379,"Wild",2013,10,1134.81,186,51.32,45,45,163.09,1.23,NA,NA,NA,NA,NA,NA,NA,NA,NA,2.34,1.44,NA,0.14,0.08,6.52,NA,NA,NA,NA,"",NA,985.367689211205,TRUE
228,"Ikorongo",7,3,2,27,"Min-hor",15.83,102.05,15,103,"18/12/2017 10:35",-2.01167,34.39652,1379,"Wild",2013,10,1134.81,163,47.45,41.84,41.84,143.73,1.41,NA,NA,NA,NA,NA,NA,NA,NA,NA,3.78,5.77,NA,0.23,0.52,6.02,NA,NA,NA,NA,"",NA,985.367689211205,TRUE
229,"Ikorongo",7,3,3,27,"A-hor",5,132.3,5,104,"18/12/2017 10:44",-2.01182,34.39648,1380,"Wild",2013,10,1134.81,191.5,50,43.18,43.18,165.38,1.25,NA,NA,NA,NA,NA,NA,NA,NA,NA,2.21,1.38,NA,0.14,0.09,6.17,NA,NA,NA,NA,"",NA,985.367689211205,TRUE
230,"Ikorongo",7,3,3,27,"Min-hor",17.67,119.32,15,104,"18/12/2017 10:44",-2.01182,34.39648,1380,"Wild",2013,10,1134.81,206,57.22,49.26,49.26,177.34,1.49,NA,NA,NA,NA,NA,NA,NA,NA,NA,1.85,3.48,NA,0.12,0.31,6.03,NA,NA,NA,NA,"",NA,985.367689211205,TRUE
231,"Ikorongo",7,3,4,27,"A-hor",5,132.3,5,105,"18/12/2017 10:52",-2.01184,34.39656,1381,"Wild",2013,10,1134.81,173,51.3,44.77,44.77,150.98,1.14,NA,NA,NA,NA,NA,NA,NA,NA,NA,2.43,1.38,NA,0.15,0.09,6.43,NA,NA,NA,NA,"",NA,985.367689211205,TRUE
232,"Ikorongo",7,3,4,27,"Min-hor",18.17,124.03,15,105,"18/12/2017 10:52",-2.01184,34.39656,1381,"Wild",2013,10,1134.81,185.5,48.83,43.14,43.14,163.88,1.32,NA,NA,NA,NA,NA,NA,NA,NA,NA,1.48,2.57,NA,0.1,0.24,6.08,NA,NA,NA,NA,"",NA,985.367689211205,TRUE
233,"Ikorongo",7,4,1,28,"A-hor",5,132.3,5,98,"18/12/2017 09:31",-2.01744,34.39617,1366,"Wild",2017,7,1134.81,170,97.66,94.98,80.3,139.78,1.06,NA,NA,NA,NA,NA,NA,NA,NA,NA,4.56,2.41,NA,0.27,0.14,6.18,NA,NA,NA,NA,"",1.117,985.367689211205,TRUE
234,"Ikorongo",7,4,1,28,"Min-hor",17.33,116.18,15,98,"18/12/2017 09:31",-2.01744,34.39617,1366,"Wild",2017,7,1134.81,185,89.48,75.39,75.39,155.87,1.34,NA,NA,NA,NA,NA,NA,NA,NA,NA,2.8,4.64,NA,0.17,0.39,5.8,NA,NA,NA,NA,"",NA,985.367689211205,TRUE
235,"Ikorongo",7,4,2,28,"A-hor",5,132.3,5,99,"18/12/2017 09:41",-2.01735,34.39632,1366,"Wild",2017,7,1134.81,174.5,45.37,38.42,38.42,147.77,1.12,NA,NA,NA,NA,NA,NA,NA,NA,NA,3.81,2.13,NA,0.22,0.12,6.14,NA,NA,NA,NA,"",NA,985.367689211205,TRUE
236,"Ikorongo",7,4,2,28,"Min-hor",19,131.88,15,99,"18/12/2017 09:41",-2.01735,34.39632,1366,"Wild",2017,7,1134.81,217,60.43,52.55,52.55,188.7,1.43,NA,NA,NA,NA,NA,NA,NA,NA,NA,1.8,3.6,NA,0.12,0.34,5.99,NA,NA,NA,NA,"",NA,985.367689211205,TRUE
237,"Ikorongo",7,4,3,28,"A-hor",5,132.3,5,100,"18/12/2017 09:50",-2.01745,34.39621,1366,"Wild",2017,7,1134.81,184,47.73,41.18,41.18,158.75,1.2,NA,NA,NA,NA,NA,NA,NA,NA,NA,2.38,1.43,NA,0.15,0.09,6.16,NA,NA,NA,NA,"",NA,985.367689211205,TRUE
238,"Ikorongo",7,4,3,28,"Min-hor",19.33,135.02,15,100,"18/12/2017 09:50",-2.01745,34.39621,1366,"Wild",2017,7,1134.81,206,44.28,37.74,37.74,175.57,1.3,NA,NA,NA,NA,NA,NA,NA,NA,NA,2.04,3.8,NA,0.12,0.31,6.89,NA,NA,NA,NA,"",NA,985.367689211205,TRUE
239,"Ikorongo",7,4,4,28,"A-hor",5,132.3,5,101,"18/12/2017 10:02",-2.0174,34.39624,1367,"Wild",2017,7,1134.81,177,43.69,35.7,35.7,144.63,1.09,NA,NA,NA,NA,NA,NA,NA,NA,NA,3.23,1.77,NA,0.18,0.1,6.12,NA,NA,NA,NA,"",NA,985.367689211205,TRUE
240,"Ikorongo",7,4,4,28,"Min-hor",18.83,130.31,15,101,"18/12/2017 10:02",-2.0174,34.39624,1367,"Wild",2017,7,1134.81,208,53.4,44.76,44.76,174.35,1.34,NA,NA,NA,NA,NA,NA,NA,NA,NA,2.15,3.98,NA,0.13,0.34,6.02,NA,NA,NA,NA,"",NA,985.367689211205,TRUE
