ID,Region,Site,Block,Circle,Block.ID,Horizon,Sample_Depth.cm,Volume.cm3,Intended_sample_depth.cm ,WP,Date_time ,Lat.decimal.degrees,Long.decimal.degrees,UTM.zone,UTM.East,UTM.North,Altitude,Land_Use,Last_fire.yr,Fire_frequency.2000_2017,MAP.mm_yr,Total_weight.g,SubBefore_DRY.g,SubAfter_DRY.g,SubAfter_SIEVED.g,Tot_weight_fine_earth_air_dry.g,BD_fine_earth_air_dry,DryMatter.per,BD_fine_earth.DM.corr,LOI_550.per,LOI_900.per,fraction_inorg_C,fraction_org_C,Clay.per,Silt.per,Sand.per,Tot.C.per,C.kg_m2,Org.C.per,Tot.N.per,N.kg_m2,pH,CEC.cmol_kg,Al.g_kg,Fe.g_kg,P.g_kg,Olsen-P.mg_kg
1,Makao,1,1,1,1,A-hor,5.00,132.30,5.00,2,10/12/2017 15:15,-3.55583,34.89388889,36 M,705826,9622963,1666,Pasture,2010,5,672.04,203,100.00,94.46,94.46,191.75,1.45,97.96,1.42,4.02,5.12,0.21,0.79,21,14,65,1.82,1.32,1.43,0.19,0.14,7.15,30.66,1.1,0.96,0.15,<5.2
2,Makao,1,1,1,1,Min-hor,18.83,130.31,15.00,2,10/12/2017 15:15,-3.55583,34.89388889,36 M,705826,9622963,1666,Pasture,2010,5,672.04,186.5,101.10,93.91,82.6,152.37,1.17,97.15,1.14,4.13,5.52,0.25,0.75,28,14,59,1.47,2.38,1.10,0.14,0.32,7.16,37.48,1.2,0.91,0.12,0
3,Makao,1,1,2,1,A-hor,5.00,132.30,5.00,3,10/12/2017 15:43,-3.55333,34.89277778,36 M,705817,9622979,1667,Pasture,2010,5,672.04,233,51.53,48.68,43.1,194.88,1.47,,,,,,,21,14,65,1.34,0.99,,0.09,0.07,6.82,,,,,
4,Makao,1,1,2,1,Min-hor,18.83,130.31,15.00,3,10/12/2017 15:43,-3.55333,34.89277778,36 M,705817,9622979,1667,Pasture,2010,5,672.04,214,50.47,45.51,37.6,159.43,1.22,,,,,,,28,14,59,0.97,1.64,,0.07,0.15,8.37,,,,,
5,Makao,1,1,3,1,A-hor,5.00,132.30,5.00,4,10/12/2017 16:08,-3.55417,34.89527778,36 M,705834,9622972,1668,Pasture,2010,5,672.04,227.5,51.90,48.58,41.8,183.23,1.38,,,,,,,21,14,65,1.26,0.87,,0.12,0.08,6.48,,,,,
6,Makao,1,1,3,1,Min-hor,19.67,138.16,15.00,4,10/12/2017 16:08,-3.55417,34.89527778,36 M,705834,9622972,1668,Pasture,2010,5,672.04,193,53.04,50.6,41.6,151.37,1.10,,,,,,,28,14,59,0.99,1.59,,0.09,0.20,6.75,,,,,
7,Makao,1,1,4,1,A-hor,5.00,132.30,5.00,5,10/12/2017 16:30,-3.55333,34.89555556,36 M,705837,9622979,1664,Pasture,2010,5,672.04,213,47.91,45.25,42.2,187.61,1.42,,,,,,,21,14,65,2.04,1.45,,0.22,0.16,6.82,,,,,
8,Makao,1,1,4,1,Min-hor,18.00,122.46,15.00,5,10/12/2017 16:30,-3.55333,34.89555556,36 M,705837,9622979,1664,Pasture,2010,5,672.04,197,46.85,42.1,38.4,161.47,1.32,,,,,,,28,14,59,1.30,2.23,,0.11,0.26,6.78,,,,,
9,Makao,1,2,1,2,A-hor,5.00,132.30,5.00,6,10/12/2017 16:53,-3.53861,34.85166667,36 M,705545,9623077,1663,Pasture,2010,7,672.04,209,100.13,94.65,84.2,175.75,1.33,,,,,,,,,,1.41,0.94,,0.09,0.06,6.87,,,,,
10,Makao,1,2,1,2,Min-hor,19.33,135.02,15.00,6,10/12/2017 16:53,-3.53861,34.85166667,36 M,705545,9623077,1663,Pasture,2010,7,672.04,206,97.55,92.37,79,166.83,1.24,,,,,,,,,,1.09,1.93,,0.08,0.19,6.42,,,,,
11,Makao,1,2,2,2,A-hor,5.00,132.30,5.00,7,10/12/2017 17:08,-3.53972,34.855,36 M,705567,9623069,1664,Pasture,2010,7,672.04,226,53.69,50.34,45.6,191.95,1.45,,,,,,,,,,1.76,1.28,,0.16,0.12,6.9,,,,,
12,Makao,1,2,2,2,Min-hor,19.17,133.45,15.00,7,10/12/2017 17:08,-3.53972,34.855,36 M,705567,9623069,1664,Pasture,2010,7,672.04,189,53.84,51.29,41.1,144.28,1.08,,,,,,,,,,1.32,2.02,,0.13,0.28,6.83,,,,,
13,Makao,1,2,3,2,A-hor,5.00,132.30,5.00,8,10/12/2017 17:22,-3.54000,34.85361111,36 M,705556,9623068,1665,Pasture,2010,7,672.04,243,51.24,48.5,43.1,204.40,1.54,,,,,,,,,,1.35,1.04,,0.11,0.08,6.53,,,,,
14,Makao,1,2,3,2,Min-hor,18.67,128.74,15.00,8,10/12/2017 17:22,-3.54000,34.85361111,36 M,705556,9623068,1665,Pasture,2010,7,672.04,217,50.19,46.93,42.2,182.45,1.42,,,,,,,,,,1.72,3.33,,0.16,0.42,6.8,,,,,
15,Makao,1,2,4,2,A-hor,5.00,132.30,5.00,9,10/12/2017 17:32,-3.53944,34.85444444,36 M,705562,9623071,1664,Pasture,2010,7,672.04,205,52.71,50,44.6,173.46,1.31,,,,,,,,,,1.91,1.25,,0.15,0.10,6.73,,,,,
16,Makao,1,2,4,2,Min-hor,17.50,117.75,15.00,9,10/12/2017 17:32,-3.53944,34.85444444,36 M,705562,9623071,1664,Pasture,2010,7,672.04,205,46.95,44.32,36.9,161.12,1.37,,,,,,,,,,1.40,2.39,,0.15,0.36,6.73,,,,,
17,Makao,1,3,1,3,A-hor,5.00,132.30,5.00,10,10/12/2017 18:08,-3.50472,34.85805556,36 M,705586,9623301,1651,Pasture,2010,6,672.04,241,96.05,90.94,84.1,211.02,1.59,98.37,1.57,5.47,6.80,0.20,0.80,22,18,60,2.24,1.79,1.80,0.20,0.16,6.98,30.91,1.2,2.1,0.17,6.4
18,Makao,1,3,1,3,Min-hor,18.83,130.31,15.00,10,10/12/2017 18:08,-3.50472,34.85805556,36 M,705586,9623301,1651,Pasture,2010,6,672.04,187,95.78,89.58,77,150.33,1.15,97.19,1.12,5.12,6.54,0.22,0.78,26,17,58,1.65,2.63,1.29,0.14,0.30,7.02,41.45,1.5,3,0.15,66
19,Makao,1,3,2,3,A-hor,5.00,132.30,5.00,11,10/12/2017 18:09,-3.50444,34.85944444,36 M,705597,9623303,1649,Pasture,2010,6,672.04,160,52.36,49.12,37.7,115.20,0.87,,,,,,,22,18,60,1.77,0.77,,0.15,0.07,7.27,,,,,
20,Makao,1,3,2,3,Min-hor,15.33,97.34,15.00,11,10/12/2017 18:09,-3.50444,34.85944444,36 M,705597,9623303,1649,Pasture,2010,6,672.04,187,51.79,47.96,30.8,111.21,1.14,,,,,,,26,17,58,1.48,1.75,,0.14,0.24,7.37,,,,,
21,Makao,1,3,3,3,A-hor,5.00,132.30,5.00,12,10/12/2017 18:23,-3.50389,34.85777778,36 M,705584,9623307,1649,Pasture,2010,6,672.04,207,51.64,49.2,45.2,181.19,1.37,,,,,,,22,18,60,2.24,1.53,,0.20,0.14,7.15,,,,,
22,Makao,1,3,3,3,Min-hor,18.17,124.03,15.00,12,10/12/2017 18:23,-3.50389,34.85777778,36 M,705584,9623307,1649,Pasture,2010,6,672.04,191.5,52.71,49.97,38.4,139.51,1.12,,,,,,,26,17,58,1.86,2.75,,0.09,0.19,8.28,,,,,
23,Makao,1,3,4,3,A-hor,5.00,132.30,5.00,,,,,,,,,Pasture,2010,6,672.04,212,53.52,51.04,46.2,183.00,1.38,,,,,,,22,18,60,1.76,1.22,,0.17,0.11,7.98,,,,,
24,Makao,1,3,4,3,Min-hor,17.50,117.75,15.00,,,,,,,,,Pasture,2010,6,672.04,174.5,52.81,49.94,41.7,137.79,1.17,,,,,,,26,17,58,1.70,2.49,,0.08,0.16,8.4,,,,,
25,Makao,1,4,1,4,A-hor,5.00,132.30,5.00,28,11/12/2017 15:54,-3.50861,34.87055556,36 M,705670,9623276,1656,Pasture,2010,6,672.04,212,105.41,100.54,90.6,182.21,1.38,,,,,,,,,,1.55,1.07,,0.14,0.10,7.05,,,,,
26,Makao,1,4,1,4,Min-hor,15.33,97.34,15.00,28,11/12/2017 15:54,-3.50861,34.87055556,36 M,705670,9623276,1656,Pasture,2010,6,672.04,162.5,49.56,47.77,36.8,120.66,1.24,,,,,,,,,,0.79,1.01,,0.03,0.06,7.44,,,,,
27,Makao,1,4,2,4,A-hor,5.00,132.30,5.00,29,11/12/2017 16:06,-3.50806,34.86888889,36 M,705659,9623279,1656,Pasture,2010,6,672.04,179,52.63,51.46,44.1,149.99,1.13,,,,,,,,,,1.75,0.99,,0.14,0.08,6.77,,,,,
28,Makao,1,4,2,4,Min-hor,8.50,32.97,15.00,29,11/12/2017 16:06,-3.50806,34.86888889,36 M,705659,9623279,1656,Pasture,2010,6,672.04,49,49.50,48.56,32.1,31.78,0.96,,,,,,,,,,1.19,0.40,,0.07,0.05,6.63,,,,,
29,Makao,1,4,3,4,A-hor,5.00,132.30,5.00,30,11/12/2017 16:27,-3.50611,34.86833333,36 M,705655,9623292,1657,Pasture,2010,6,672.04,168,49.14,47.63,38.5,131.62,0.99,,,,,,,,,,2.29,1.14,,0.21,0.10,6.94,,,,,
30,Makao,1,4,3,4,Min-hor,8.00,28.26,15.00,30,11/12/2017 16:27,-3.50611,34.86833333,36 M,705655,9623292,1657,Pasture,2010,6,672.04,38.5,39.33,37.93,25.7,25.16,0.89,,,,,,,,,,1.28,0.34,,0.10,0.07,7.05,,,,,
31,Makao,1,4,4,4,A-hor,5.00,132.30,5.00,31,11/12/2017 16:34,-3.50528,34.87055556,36 M,705670,9623298,1655,Pasture,2010,6,672.04,140,47.97,45.56,35.1,102.44,0.77,,,,,,,,,,3.07,1.19,,0.29,0.11,7.09,,,,,
32,Makao,1,4,4,4,Min-hor,9.83,45.53,15.00,31,11/12/2017 16:34,-3.50528,34.87055556,36 M,705670,9623298,1655,Pasture,2010,6,672.04,91,48.04,44.9,36.7,69.52,1.53,,,,,,,,,,2.17,1.60,,0.18,0.28,7.59,,,,,
33,Maswa,2,1,1,5,A-hor,5.00,132.30,5.00,21,11/12/2017 11:11,-3.55306,35.08111111,36 M,705355,9635109,1667,Wild,2007,3,717.36,145,99.61,88.82,88.82,129.29,0.98,94.02,0.92,9.30,12.25,0.24,0.76,62,26,12,3.71,1.81,2.82,0.37,0.18,7.22,70.73,2.8,1.6,0.37,15
34,Maswa,2,1,1,5,Min-hor,17.50,117.75,15.00,21,11/12/2017 11:11,-3.55306,35.08111111,36 M,705355,9635109,1667,Wild,2007,3,717.36,146,97.80,83.86,83.86,125.19,1.06,93.64,1.00,8.17,11.34,0.28,0.72,62,26,12,2.58,3.43,1.86,0.24,0.45,7.18,65.01,2.7,1.5,0.29,<5.2
35,Maswa,2,1,2,5,A-hor,5.00,132.30,5.00,22,11/12/2017 11:24,-3.55250,35.08388889,36 M,705373,9635114,1666,Wild,2007,3,717.36,140,50.14,45.3,45.3,126.49,0.96,,,,,,,62,26,12,3.50,1.67,,0.36,0.17,7.38,,,,,
36,Maswa,2,1,2,5,Min-hor,17.17,114.61,15.00,22,11/12/2017 11:24,-3.55250,35.08388889,36 M,705373,9635114,1666,Wild,2007,3,717.36,146,48.75,42.08,42.08,126.02,1.10,,,,,,,62,26,12,2.72,3.64,,0.24,0.45,7.311,,,,,
37,Maswa,2,1,3,5,A-hor,5.00,132.30,5.00,23,11/12/2017 11:27,-3.54944,35.08166667,36 M,705360,9635134,1668,Wild,2007,3,717.36,157,48.60,43.6,43.6,140.85,1.06,,,,,,,62,26,12,3.31,1.76,,0.34,0.18,7.04,,,,,
38,Maswa,2,1,3,5,Min-hor,18.50,127.17,15.00,23,11/12/2017 11:27,-3.54944,35.08166667,36 M,705360,9635134,1668,Wild,2007,3,717.36,134.5,52.37,45.08,45.08,115.78,0.91,,,,,,,62,26,12,2.67,3.28,,0.24,0.40,7.1,,,,,
39,Maswa,2,1,4,5,A-hor,5.00,132.30,5.00,24,11/12/2017 11:38,-3.55389,35.08083333,36 M,705354,9635103,1667,Wild,2007,3,717.36,165,51.54,46.42,46.42,148.61,1.12,,,,,,,62,26,12,3.16,1.77,,0.30,0.17,7.35,,,,,
40,Maswa,2,1,4,5,Min-hor,17.33,116.18,15.00,24,11/12/2017 11:38,-3.55389,35.08083333,36 M,705354,9635103,1667,Wild,2007,3,717.36,165,50.13,43.65,43.65,143.67,1.24,,,,,,,62,26,12,2.75,4.19,,0.26,0.55,7.3,,,,,
41,Maswa,2,2,1,6,A-hor,5.00,132.30,5.00,25,11/12/2017 12:07,-3.34000,35.07972222,36 M,705346,9634791,1668,Wild,2007,2,717.36,139,103.04,95.04,95.04,128.21,0.97,,,,,,,,,,2.97,1.44,,0.27,0.13,7.32,,,,,
42,Maswa,2,2,1,6,Min-hor,16.17,105.19,15.00,25,11/12/2017 12:07,-3.34000,35.07972222,36 M,705346,9634791,1668,Wild,2007,2,717.36,156,96.36,86.6,86.6,140.20,1.33,,,,,,,,,,2.50,3.72,,0.24,0.53,7.49,,,,,
43,Maswa,2,2,2,6,A-hor,5.00,132.30,5.00,26,11/12/2017 12:24,-3.34306,35.07944444,36 M,705344,9634770,1668,Wild,2007,2,717.36,135,49.79,46.14,46.14,125.10,0.95,,,,,,,,,,3.20,1.51,,0.32,0.15,7.44,,,,,
44,Maswa,2,2,2,6,Min-hor,15.50,98.91,15.00,26,11/12/2017 12:24,-3.34306,35.07944444,36 M,705344,9634770,1668,Wild,2007,2,717.36,130.5,50.92,45.22,45.22,115.89,1.17,,,,,,,,,,2.42,2.98,,0.23,0.42,7.45,,,,,
45,Maswa,2,2,3,6,A-hor,5.00,132.30,5.00,27,11/12/2017 12:25,-3.34306,35.07916667,36 M,705341,9634771,1667,Wild,2007,2,717.36,149,54.53,50.28,50.28,137.39,1.04,,,,,,,,,,2.93,1.52,,0.31,0.16,7.16,,,,,
46,Maswa,2,2,3,6,Min-hor,17.50,117.75,15.00,27,11/12/2017 12:25,-3.34306,35.07916667,36 M,705341,9634771,1667,Wild,2007,2,717.36,147,47.58,42.16,42.16,130.25,1.11,,,,,,,,,,2.49,3.44,,0.24,0.46,7.35,,,,,
47,Maswa,2,2,4,6,A-hor,5.00,132.30,5.00,,,,,,,,,Wild,2007,2,717.36,145.2,51.00,47.7,47.7,135.80,1.03,,,,,,,,,,3.23,1.66,,0.28,0.14,7.65,,,,,
48,Maswa,2,2,4,6,Min-hor,16.00,103.62,15.00,,,,,,,,,Wild,2007,2,717.36,137,54.05,47.94,47.94,121.51,1.17,,,,,,,,,,2.50,3.22,,0.22,0.41,7.58,,,,,
49,Maswa,2,3,1,7,A-hor,5.00,132.30,5.00,13,11/12/2017 08:23,-3.49000,34.88555556,36 M,705793,9635528,1669,Wild,2004,1,754.84,188,97.70,88.3,88.3,169.91,1.28,94.58,1.21,8.48,10.94,0.22,0.78,44,39,17,3.05,1.96,2.36,0.27,0.18,7.03,56.57,2.5,1.2,1.2,44
50,Maswa,2,3,1,7,Min-hor,16.67,109.90,15.00,13,11/12/2017 08:23,-3.49000,34.88555556,36 M,705793,9635528,1669,Wild,2004,1,754.84,133,89.41,79.63,79.63,118.45,1.08,94.64,1.02,7.20,9.87,0.27,0.73,45,39,16,2.16,2.72,1.58,0.21,0.37,7.02,54.36,2.3,1,1.2,25
51,Maswa,2,3,2,7,A-hor,5.00,132.30,5.00,14,11/12/2017 08:34,-3.49056,34.88888889,36 M,705815,9635523,1670,Wild,2004,1,754.84,159,50.29,47.46,47.46,150.05,1.13,,,,,,,44,39,17,3.93,2.23,,0.39,0.22,7.31,,,,,
52,Maswa,2,3,2,7,Min-hor,16.83,111.47,15.00,14,11/12/2017 08:34,-3.49056,34.88888889,36 M,705815,9635523,1670,Wild,2004,1,754.84,124,50.75,46.2,46.2,112.88,1.01,,,,,,,45,39,16,2.29,2.74,,0.21,0.35,7.13,,,,,
53,Maswa,2,3,3,7,A-hor,5.00,132.30,5.00,15,11/12/2017 08:40,-3.48750,34.88694444,36 M,705802,9635543,1670,Wild,2004,1,754.84,161,50.15,48.03,48.03,154.19,1.17,,,,,,,44,39,17,2.08,1.21,,0.17,0.10,7.07,,,,,
54,Maswa,2,3,3,7,Min-hor,17.67,119.32,15.00,15,11/12/2017 08:40,-3.48750,34.88694444,36 M,705802,9635543,1670,Wild,2004,1,754.84,159,50.54,46.82,46.82,147.30,1.23,,,,,,,45,39,16,2.11,3.31,,0.17,0.37,7.03,,,,,
55,Maswa,2,3,4,7,A-hor,5.00,132.30,5.00,16,11/12/2017 08:52,-3.48861,34.89055556,36 M,705826,9635536,1671,Wild,2004,1,754.84,155.5,51.49,47.51,47.51,143.48,1.08,,,,,,,44,39,17,2.73,1.48,,0.23,0.12,7.07,,,,,
56,Maswa,2,3,4,7,Min-hor,16.33,106.76,15.00,16,11/12/2017 08:52,-3.48861,34.89055556,36 M,705826,9635536,1671,Wild,2004,1,754.84,139,50.20,46.79,46.79,129.56,1.21,,,,,,,45,39,16,2.01,2.76,,0.16,0.31,7.23,,,,,
57,Maswa,2,4,1,8,A-hor,5.00,132.30,5.00,17,11/12/2017 09:54,-3.50611,34.92416667,36 M,706051,9635420,1667,Wild,2004,1,754.84,186.5,102.98,99.29,99.29,179.82,1.36,,,,,,,,,,2.32,1.58,,0.19,0.13,8.06,,,,,
58,Maswa,2,4,1,8,Min-hor,16.83,111.47,15.00,17,11/12/2017 09:54,-3.50611,34.92416667,36 M,706051,9635420,1667,Wild,2004,1,754.84,139,107.46,98.8,92.8,120.04,1.08,,,,,,,,,,2.48,3.16,,0.20,0.36,7.81,,,,,
59,Maswa,2,4,2,8,A-hor,5.00,132.30,5.00,18,11/12/2017 10:07,-3.50417,34.92194444,36 M,706037,9635433,1668,Wild,2004,1,754.84,156,56.07,52.34,52.34,145.62,1.10,,,,,,,,,,2.78,1.53,,0.23,0.13,7.89,,,,,
60,Maswa,2,4,2,8,Min-hor,17.50,117.75,15.00,18,11/12/2017 10:07,-3.50417,34.92194444,36 M,706037,9635433,1668,Wild,2004,1,754.84,146,50.83,44.57,44.57,128.02,1.09,,,,,,,,,,2.55,3.47,,0.24,0.45,7.58,,,,,
61,Maswa,2,4,3,8,A-hor,5.00,132.30,5.00,19,11/12/2017 10:21,-3.50750,34.92194444,36 M,706036,9635411,1668,Wild,2004,1,754.84,160,50.63,47.16,47.16,149.03,1.13,,,,,,,,,,3.20,1.80,,0.29,0.16,7.86,,,,,
62,Maswa,2,4,3,8,Min-hor,17.83,120.89,15.00,19,11/12/2017 10:21,-3.50750,34.92194444,36 M,706036,9635411,1668,Wild,2004,1,754.84,168,54.33,49.04,49.04,151.64,1.25,,,,,,,,,,2.54,4.08,,0.22,0.49,7.8,,,,,
63,Maswa,2,4,4,8,A-hor,5.00,132.30,5.00,20,11/12/2017 10:33,-3.50556,34.92138889,36 M,706032,9635423,1667,Wild,2004,1,754.84,166,52.78,49.76,49.76,156.50,1.18,,,,,,,,,,2.44,1.44,,0.22,0.13,7.85,,,,,
64,Maswa,2,4,4,8,Min-hor,18.17,124.03,15.00,20,11/12/2017 10:33,-3.50556,34.92138889,36 M,706032,9635423,1667,Wild,2004,1,754.84,175,51.85,46.93,46.93,158.39,1.28,,,,,,,,,,1.63,2.74,,0.15,0.34,7.77,,,,,
65,Mwantimba,3,1,1,9,A-hor,5.00,132.30,5.00,32,13/12/2017 09:29,-2.35389,34.305,36 M,616706,9740183,1249,Pasture,2000,0,1295.06,175.5,102.84,96.46,96.46,164.61,1.24,97.26,1.21,6.32,7.63,0.17,0.83,34,20,46,1.89,1.17,1.56,0.17,0.11,6.71,38.43,0.96,1.6,1.3,150
66,Mwantimba,3,1,1,9,Min-hor,17.17,114.61,15.00,32,13/12/2017 09:29,-2.35389,34.305,36 M,616706,9740183,1249,Pasture,2000,0,1295.06,168,99.89,91.74,91.74,154.29,1.35,97.17,1.31,5.68,7.04,0.19,0.81,37,19,44,0.97,1.59,0.78,0.08,0.19,7.04,43.52,0.98,2.3,1.3,250
67,Mwantimba,3,1,2,9,A-hor,5.00,132.30,5.00,33,13/12/2017 09:52,-2.35806,34.30472222,36 M,616704,9740156,1252,Pasture,2000,0,1295.06,195,52.72,49.75,46.6,172.36,1.30,,,,,,,34,20,46,2.06,1.35,,0.17,0.11,6.53,,,,,
68,Mwantimba,3,1,2,9,Min-hor,17.33,116.18,15.00,33,13/12/2017 09:52,-2.35806,34.30472222,36 M,616704,9740156,1252,Pasture,2000,0,1295.06,168,52.77,49.05,49.05,156.16,1.34,,,,,,,37,19,44,1.82,3.02,,0.15,0.35,6.62,,,,,
69,Mwantimba,3,1,3,9,A-hor,5.00,132.30,5.00,34,13/12/2017 09:54,-2.35611,34.30638889,36 M,616716,9740169,1252,Pasture,2000,0,1295.06,200,48.07,45.33,45.33,188.60,1.43,,,,,,,34,20,46,1.57,1.12,,0.13,0.09,6.39,,,,,
70,Mwantimba,3,1,3,9,Min-hor,17.17,114.61,15.00,34,13/12/2017 09:54,-2.35611,34.30638889,36 M,616716,9740169,1252,Pasture,2000,0,1295.06,177,48.69,45.02,45.02,163.66,1.43,,,,,,,37,19,44,1.86,3.23,,0.15,0.37,6.55,,,,,
71,Mwantimba,3,1,4,9,A-hor,5.00,132.30,5.00,35,13/12/2017 10:03,-2.35639,34.305,36 M,616708,9740167,1253,Pasture,2000,0,1295.06,194,45.25,42.53,42.53,182.34,1.38,,,,,,,34,20,46,1.87,1.29,,0.15,0.10,6.52,,,,,
72,Mwantimba,3,1,4,9,Min-hor,17.83,120.89,15.00,35,13/12/2017 10:03,-2.35639,34.305,36 M,616708,9740167,1253,Pasture,2000,0,1295.06,185.5,48.88,45.66,45.66,173.28,1.43,,,,,,,37,19,44,0.99,1.82,,0.08,0.21,6.79,,,,,
73,Mwantimba,3,2,1,10,A-hor,5.00,132.30,5.00,36,13/12/2017 10:40,-2.58639,34.05138889,36 M,616757,9740373,1252,Pasture,2000,0,1295.06,178.3,98.69,90.15,90.15,162.87,1.23,,,,,,,,,,1.91,1.18,,0.15,0.09,6.65,,,,,
74,Mwantimba,3,2,1,10,Min-hor,16.67,109.90,15.00,36,13/12/2017 10:40,-2.58639,34.05138889,36 M,616757,9740373,1252,Pasture,2000,0,1295.06,175,101.94,95.8,95.8,164.46,1.50,,,,,,,,,,1.26,2.20,,0.09,0.22,6.81,,,,,
75,Mwantimba,3,2,2,10,A-hor,5.00,132.30,5.00,37,13/12/2017 10:55,-2.59083,34.31083333,36 M,616746,9740344,1252,Pasture,2000,0,1295.06,194,50.2,47.65,47.65,184.15,1.39,,,,,,,,,,1.35,0.94,,0.11,0.08,6.68,,,,,
76,Mwantimba,3,2,2,10,Min-hor,14.17,86.35,15.00,37,13/12/2017 10:55,-2.59083,34.31083333,36 M,616746,9740344,1252,Pasture,2000,0,1295.06,142,53.19,48.63,48.63,129.83,1.50,,,,,,,,,,1.29,1.77,,0.10,0.21,6.81,,,,,
77,Mwantimba,3,2,3,10,A-hor,5.00,132.30,5.00,38,13/12/2017 11:07,-2.58972,34.05166667,36 M,616759,9740351,1252,Pasture,2000,0,1295.06,195,55.36,50.97,50.97,179.54,1.36,,,,,,,,,,2.31,1.57,,0.18,0.12,6.84,,,,,
78,Mwantimba,3,2,3,10,Min-hor,16.83,111.47,15.00,38,13/12/2017 11:07,-2.58972,34.05166667,36 M,616759,9740351,1252,Pasture,2000,0,1295.06,185.5,51.77,48.22,48.22,172.78,1.55,,,,,,,,,,1.37,2.52,,0.10,0.27,6.84,,,,,
79,Mwantimba,3,2,4,10,A-hor,5.00,132.30,5.00,39,13/12/2017 11:22,-2.58861,34.05194444,36 M,616760,9740358,1251,Pasture,2000,0,1295.06,205,50.5,47.23,47.23,191.73,1.45,,,,,,,,,,1.76,1.27,,0.14,0.10,6.69,,,,,
80,Mwantimba,3,2,4,10,Min-hor,16.67,109.90,15.00,39,13/12/2017 11:22,-2.58861,34.05194444,36 M,616760,9740358,1251,Pasture,2000,0,1295.06,196,49.22,45.41,45.41,180.83,1.65,,,,,,,,,,1.08,2.08,,0.08,0.22,6.83,,,,,
81,Mwantimba,3,3,1,11,A-hor,5.00,132.30,5.00,45,13/12/2017 13:50,-2.38361,34.20888889,36 M,617806,9738253,1288,Pasture,2000,0,1295.06,166,103.97,98.64,89.7,143.22,1.08,97.47,1.06,7.16,8.06,0.11,0.89,28,27,46,1.87,1.01,1.66,0.14,0.07,6.19,38.83,1.3,5.8,0.76,81
82,Mwantimba,3,3,1,11,Min-hor,17.17,114.61,15.00,45,13/12/2017 13:50,-2.38361,34.20888889,36 M,617806,9738253,1288,Pasture,2000,0,1295.06,178,105.96,94.8,86.4,145.14,1.27,97.26,1.23,6.75,7.75,0.13,0.87,34,26,39,1.75,2.70,1.53,0.13,0.28,6.01,39.91,1.5,5.8,0.62,57
83,Mwantimba,3,3,2,11,A-hor,5.00,132.30,5.00,46,13/12/2017 14:05,-2.38417,34.20555556,36 M,617783,9738250,1267,Pasture,2000,0,1295.06,158,53.35,47.64,44.9,132.97,1.01,,,,,,,28,27,46,2.08,1.05,,0.15,0.08,6.39,,,,,
84,Mwantimba,3,3,2,11,Min-hor,14.33,87.92,15.00,46,13/12/2017 14:05,-2.38417,34.20555556,36 M,617783,9738250,1267,Pasture,2000,0,1295.06,112,49.16,43.25,43.25,98.54,1.12,,,,,,,34,26,39,2.56,2.68,,0.22,0.35,6.37,,,,,
85,Mwantimba,3,3,3,11,A-hor,5.00,132.30,5.00,47,13/12/2017 14:11,-2.38583,34.20527778,36 M,617782,9738239,1268,Pasture,2000,0,1295.06,176,51.06,47.58,45.2,155.80,1.18,,,,,,,28,27,46,2.04,1.20,,0.14,0.08,6.35,,,,,
86,Mwantimba,3,3,3,11,Min-hor,17.50,117.75,15.00,47,13/12/2017 14:11,-2.38583,34.20527778,36 M,617782,9738239,1268,Pasture,2000,0,1295.06,166,49.35,43.77,39,131.19,1.11,,,,,,,34,26,39,2.43,3.39,,0.16,0.32,6.2,,,,,
87,Mwantimba,3,3,4,11,A-hor,5.00,132.30,5.00,48,13/12/2017 14:21,-2.38278,34.20666667,36 M,617792,9738259,1269,Pasture,2000,0,1295.06,170,52.27,48.67,46.1,149.93,1.13,,,,,,,28,27,46,3.46,1.96,,0.24,0.13,6.43,,,,,
88,Mwantimba,3,3,4,11,Min-hor,16.17,105.19,15.00,48,13/12/2017 14:21,-2.38278,34.20666667,36 M,617792,9738259,1269,Pasture,2000,0,1295.06,172,43.76,38.09,38.09,149.71,1.42,,,,,,,34,26,39,2.56,4.07,,0.18,0.40,6.13,,,,,
89,Mwantimba,3,4,1,12,A-hor,5.00,132.30,5.00,41,13/12/2017 12:49,-2.38083,34.22333333,36 M,617903,9738272,1271,Pasture,2000,0,1295.06,167,101.93,92.81,90.1,147.62,1.12,,,,,,,,,,3.26,1.82,,0.22,0.12,6.63,,,,,
90,Mwantimba,3,4,1,12,Min-hor,17.67,119.32,15.00,41,13/12/2017 12:49,-2.38083,34.22333333,36 M,617903,9738272,1271,Pasture,2000,0,1295.06,162,101.89,86.38,86.38,137.34,1.15,,,,,,,,,,2.79,4.07,,0.19,0.38,6.81,,,,,
91,Mwantimba,3,4,2,12,A-hor,5.00,132.30,5.00,42,13/12/2017 13:07,-2.38361,34.22333333,36 M,617903,9738253,1271,Pasture,2000,0,1295.06,165,49.93,44.93,44.93,148.48,1.12,,,,,,,,,,2.03,1.14,,0.15,0.08,6.7,,,,,
92,Mwantimba,3,4,2,12,Min-hor,16.33,106.76,15.00,42,13/12/2017 13:07,-2.38361,34.22333333,36 M,617903,9738253,1271,Pasture,2000,0,1295.06,144,48.26,41.14,41.14,122.76,1.15,,,,,,,,,,2.15,2.80,,0.16,0.29,7.06,,,,,
93,Mwantimba,3,4,3,12,A-hor,5.00,132.30,5.00,43,13/12/2017 13:15,-2.38056,34.22444444,36 M,617910,9738274,1270,Pasture,2000,0,1295.06,170,48.83,42.94,42.94,149.49,1.13,,,,,,,,,,1.72,0.97,,0.12,0.07,6.6,,,,,
94,Mwantimba,3,4,3,12,Min-hor,17.67,119.32,15.00,43,13/12/2017 13:15,-2.38056,34.22444444,36 M,617910,9738274,1270,Pasture,2000,0,1295.06,160,48.84,41.39,41.39,135.59,1.14,,,,,,,,,,1.50,2.15,,0.10,0.20,6.81,,,,,
95,Mwantimba,3,4,4,12,A-hor,5.00,132.30,5.00,44,13/12/2017 13:29,-2.38222,34.22694444,36 M,617927,9738262,1269,Pasture,2000,0,1295.06,158,49.29,44.79,44.79,143.58,1.09,,,,,,,,,,2.73,1.48,,0.19,0.10,6.77,,,,,
96,Mwantimba,3,4,4,12,Min-hor,17.83,120.89,15.00,44,13/12/2017 13:29,-2.38222,34.22694444,36 M,617927,9738262,1269,Pasture,2000,0,1295.06,164,52.01,43.37,43.37,136.76,1.13,,,,,,,,,,1.54,2.23,,0.10,0.20,6.82,,,,,
97,Handajega,4,1,1,13,A-hor,5.00,132.30,5.00,50,14/12/2017 09:23,-2.37056,34.1275,36 M,613787,9748735,1200,Wild,2014,3,1279.26,198,98.12,93.53,93.53,188.74,1.43,98.47,1.40,5.00,5.68,0.12,0.88,16,18,65,1.99,1.42,1.75,0.13,0.09,6.42,30.24,1,2.1,0.54,80
98,Handajega,4,1,1,13,Min-hor,16.67,109.90,15.00,50,14/12/2017 09:23,-2.37056,34.1275,36 M,613787,9748735,1200,Wild,2014,3,1279.26,153,95.98,93.23,93.23,148.62,1.35,98.48,1.33,4.04,4.70,0.14,0.86,21,15,64,1.19,1.87,1.02,0.07,0.17,5.99,27.51,1.2,2.5,0.64,69
99,Handajega,4,1,2,13,O-hor,3.00,25.47,3.00,51,14/12/2017 09:51,-2.37000,34.12388889,36 M,613762,9748738,1198,Wild,2014,3,1279.26,24.77,24.77,24.28,22.6,22.60,0.89,,,,,,,16,18,65,1.79,0.48,,0.11,0.03,6.47,,,,,
100,Handajega,4,1,2,13,A-hor,5.00,132.30,5.00,51,14/12/2017 09:51,-2.37000,34.12388889,36 M,613762,9748738,1198,Wild,2014,3,1279.26,211,47.53,46.13,43,190.89,1.44,,,,,,,21,15,64,2.09,1.50,,0.15,0.11,6.44,,,,,
101,Handajega,4,1,2,13,Min-hor,17.00,113.04,15.00,51,14/12/2017 09:51,-2.37000,34.12388889,36 M,613762,9748738,1198,Wild,2014,3,1279.26,173,51.28,49.68,44.4,149.79,1.33,,,,,,,16,18,65,1.17,1.86,,0.09,0.20,5.73,,,,,
102,Handajega,4,1,3,13,O-hor,2.83,24.06,3.00,52,14/12/2017 09:52,-2.37028,34.12333333,36 M,613759,9748737,1199,Wild,2014,3,1279.26,45.19,45.19,43.44,39.9,39.90,1.66,,,,,,,21,15,64,1.44,0.68,,0.10,0.05,6.28,,,,,
103,Handajega,4,1,3,13,A-hor,5.00,132.30,5.00,52,14/12/2017 09:52,-2.37028,34.12333333,36 M,613759,9748737,1199,Wild,2014,3,1279.26,222,51.52,48.78,44.6,192.18,1.45,,,,,,,16,18,65,1.69,1.23,,0.11,0.08,6.26,,,,,
104,Handajega,4,1,3,13,Min-hor,16.83,111.47,15.00,52,14/12/2017 09:52,-2.37028,34.12333333,36 M,613759,9748737,1199,Wild,2014,3,1279.26,178,51.26,50.27,41.7,144.80,1.30,,,,,,,21,15,64,0.98,1.50,,0.07,0.14,5.68,,,,,
105,Handajega,4,1,4,13,O-hor,2.67,22.64,3.00,53,14/12/2017 09:54,-2.36806,34.12527778,36 M,613771,9748752,1199,Wild,2014,3,1279.26,38.89,38.89,37.9,35.1,35.10,1.55,,,,,,,,,,1.57,0.65,,0.11,0.05,6.4,,,,,
106,Handajega,4,1,4,13,A-hor,5.00,132.30,5.00,53,14/12/2017 09:54,-2.36806,34.12527778,36 M,613771,9748752,1199,Wild,2014,3,1279.26,205,52.49,51.27,46.3,180.82,1.37,,,,,,,,,,1.54,1.06,,0.10,0.07,6.43,,,,,
107,Handajega,4,1,4,13,Min-hor,16.83,111.47,15.00,53,14/12/2017 09:54,-2.36806,34.12527778,36 M,613771,9748752,1199,Wild,2014,3,1279.26,184,50.95,49.22,41.3,149.15,1.34,,,,,,,,,,1.16,1.83,,0.08,0.19,5.89,,,,,
108,Handajega,4,2,1,14,O-hor,3.33,28.30,3.00,54,14/12/2017 10:46,-2.46056,34.145,36 M,613903,9748138,1202,Wild,2014,4,1279.26,46.93,46.93,45.05,45.05,45.05,1.59,,,,,,,,,,2.04,1.08,,0.12,0.07,6.36,,,,,
109,Handajega,4,2,1,14,A-hor,5.00,132.30,5.00,54,14/12/2017 10:46,-2.46056,34.145,36 M,613903,9748138,1202,Wild,2014,4,1279.26,210.5,97.5,92.3,92.3,199.27,1.51,,,,,,,,,,1.46,1.10,,0.10,0.08,6.28,,,,,
110,Handajega,4,2,1,14,Min-hor,17.00,113.04,15.00,54,14/12/2017 10:46,-2.46056,34.145,36 M,613903,9748138,1202,Wild,2014,4,1279.26,182,102.94,99.77,94.1,166.37,1.47,,,,,,,,,,1.14,2.02,,0.08,0.20,5.75,,,,,
111,Handajega,4,2,2,14,O-hor,3.17,26.89,3.00,55,14/12/2017 11:04,-2.46139,34.14416667,36 M,613897,9748132,1201,Wild,2014,4,1279.26,47.59,47.59,46.31,46.31,46.31,1.72,,,,,,,,,,1.70,0.93,,0.11,0.06,6.47,,,,,
112,Handajega,4,2,2,14,A-hor,5.00,132.30,5.00,55,14/12/2017 11:04,-2.46139,34.14416667,36 M,613897,9748132,1201,Wild,2014,4,1279.26,218.5,54.27,51.14,51.14,205.90,1.56,,,,,,,,,,2.50,1.95,,0.16,0.12,6.21,,,,,
113,Handajega,4,2,2,14,Min-hor,16.50,108.33,15.00,55,14/12/2017 11:04,-2.46139,34.14416667,36 M,613897,9748132,1201,Wild,2014,4,1279.26,163,49.81,47.95,44.9,146.93,1.36,,,,,,,,,,1.34,2.08,,0.09,0.19,6.01,,,,,
114,Handajega,4,2,3,14,O-hor,3.23,27.45,3.00,56,14/12/2017 11:05,-2.46333,34.14416667,36 M,613898,9748119,1201,Wild,2014,4,1279.26,48.36,48.36,45.27,41.9,41.90,1.53,,,,,,,,,,1.77,0.88,,0.11,0.05,6.41,,,,,
115,Handajega,4,2,3,14,A-hor,5.00,132.30,5.00,56,14/12/2017 11:05,-2.46333,34.14416667,36 M,613898,9748119,1201,Wild,2014,4,1279.26,186.5,55.4,53.5,47.8,160.92,1.22,,,,,,,,,,2.28,1.39,,0.14,0.09,6.4,,,,,
116,Handajega,4,2,3,14,Min-hor,16.67,109.90,15.00,56,14/12/2017 11:05,-2.46333,34.14416667,36 M,613898,9748119,1201,Wild,2014,4,1279.26,183,48.24,46.58,41.4,157.05,1.43,,,,,,,,,,1.18,1.97,,0.09,0.20,5.79,,,,,
117,Handajega,4,2,4,14,O-hor,3.17,26.89,3.00,57,14/12/2017 11:17,-2.46056,34.14444444,36 M,613900,9748137,1201,Wild,2014,4,1279.26,47.04,47.04,44.54,42.7,42.70,1.59,,,,,,,,,,2.17,1.09,,0.14,0.07,6.29,,,,,
118,Handajega,4,2,4,14,A-hor,5.00,132.30,5.00,57,14/12/2017 11:17,-2.46056,34.14444444,36 M,613900,9748137,1201,Wild,2014,4,1279.26,227.5,52.8,50.04,47.6,205.09,1.55,,,,,,,,,,2.08,1.61,,0.13,0.10,6.19,,,,,
119,Handajega,4,2,4,14,Min-hor,18.83,130.31,15.00,57,14/12/2017 11:17,-2.46056,34.14444444,36 M,613900,9748137,1201,Wild,2014,4,1279.26,198,50.01,48.83,46.2,182.92,1.40,,,,,,,,,,1.34,2.59,,0.09,0.23,6.81,,,,,
120,Handajega,4,3,1,15,O-hor,1.67,14.15,3.00,58,14/12/2017 12:08,-2.45083,34.20027778,36 M,614271,9748202,1206,Wild,2014,9,1279.26,23.37,23.37,22.71,22.71,22.71,1.60,,,,,,,,,,1.97,0.53,,0.11,0.03,6.87,,,,,
121,Handajega,4,3,1,15,A-hor,5.00,132.30,5.00,58,14/12/2017 12:08,-2.45083,34.20027778,36 M,614271,9748202,1206,Wild,2014,9,1279.26,202,96.18,92.46,92.46,194.19,1.47,98.33,1.44,5.43,6.56,0.17,0.83,20,20,60,1.98,1.45,1.64,0.11,0.08,6.43,21.55,0.99,2.6,0.54,66
122,Handajega,4,3,1,15,Min-hor,13.67,81.64,15.00,58,14/12/2017 12:08,-2.45083,34.20027778,36 M,614271,9748202,1206,Wild,2014,9,1279.26,123.5,104.89,100.4,100.4,118.21,1.45,98.57,1.43,4.91,6.06,0.19,0.81,22,18,59,1.56,1.96,1.26,0.10,0.19,5.92,24.64,1.1,3,0.63,60
123,Handajega,4,3,2,15,O-hor,2.83,24.06,3.00,59,14/12/2017 12:22,-2.45306,34.20055556,36 M,614273,9748188,1203,Wild,2014,9,1279.26,40.74,40.74,39.33,39.33,39.33,1.64,,,,,,,,,,2.22,1.03,,0.12,0.05,6.43,,,,,
124,Handajega,4,3,2,15,A-hor,5.00,132.30,5.00,59,14/12/2017 12:22,-2.45306,34.20055556,36 M,614273,9748188,1203,Wild,2014,9,1279.26,207,54.3,51.82,51.82,197.55,1.49,,,,,,,20,20,60,2.10,1.57,,0.12,0.09,6.31,,,,,
125,Handajega,4,3,2,15,Min-hor,17.50,117.75,15.00,59,14/12/2017 12:22,-2.45306,34.20055556,36 M,614273,9748188,1203,Wild,2014,9,1279.26,173,46.19,44.23,44.23,165.66,1.41,,,,,,,22,18,59,1.54,2.71,,0.09,0.23,5.86,,,,,
126,Handajega,4,3,3,15,O-hor,2.07,17.55,3.00,60,14/12/2017 12:31,-2.45417,34.20138889,36 M,614278,9748180,1203,Wild,2014,9,1279.26,31.89,31.89,30.94,30.94,30.94,1.76,,,,,,,,,,2.15,0.78,,0.12,0.04,6.63,,,,,
127,Handajega,4,3,3,15,A-hor,5.00,132.30,5.00,60,14/12/2017 12:31,-2.45417,34.20138889,36 M,614278,9748180,1203,Wild,2014,9,1279.26,209,52.13,50.46,50.46,202.30,1.53,,,,,,,20,20,60,1.94,1.48,,0.11,0.09,6.55,,,,,
128,Handajega,4,3,3,15,Min-hor,16.67,109.90,15.00,60,14/12/2017 12:31,-2.45417,34.20138889,36 M,614278,9748180,1203,Wild,2014,9,1279.26,179,53.17,51.16,49.2,165.63,1.51,,,,,,,22,18,59,1.19,2.10,,0.08,0.19,6.06,,,,,
129,Handajega,4,3,4,15,O-hor,2.00,11.32,3.00,61,14/12/2017 12:39,-2.45333,34.20222222,36 M,614284,9748186,1205,Wild,2014,9,1279.26,16.5,16.5,15.71,15.71,15.71,1.39,,,,,,,,,,2.57,0.71,,0.15,0.04,6.9,,,,,
130,Handajega,4,3,4,15,A-hor,5.00,132.30,5.00,61,14/12/2017 12:39,-2.45333,34.20222222,36 M,614284,9748186,1205,Wild,2014,9,1279.26,208,48.38,46.62,44.9,193.04,1.46,,,,,,,20,20,60,1.67,1.22,,0.10,0.07,6.49,,,,,
131,Handajega,4,3,4,15,Min-hor,18.17,124.03,15.00,61,14/12/2017 12:39,-2.45333,34.20222222,36 M,614284,9748186,1205,Wild,2014,9,1279.26,183,54.42,52.07,49.2,165.45,1.33,,,,,,,22,18,59,1.19,2.10,,0.08,0.20,6.14,,,,,
132,Handajega,4,4,1,16,O-hor,1.50,4.25,3.00,62,14/12/2017 13:26,-2.46583,34.27277778,36 M,614755,9748103,1204,Wild,2016,13,1279.26,6.9,6.9,6.54,6.54,6.54,1.54,,,,,,,,,,3.30,0.76,,0.21,0.05,6.4,,,,,
133,Handajega,4,4,1,16,A-hor,5.00,132.30,5.00,62,14/12/2017 13:26,-2.46583,34.27277778,36 M,614755,9748103,1204,Wild,2016,13,1279.26,192,101.89,97.27,94.5,178.07,1.35,,,,,,,,,,1.71,1.15,,0.12,0.08,6.31,,,,,
134,Handajega,4,4,1,16,Min-hor,17.17,114.61,15.00,62,14/12/2017 13:26,-2.46583,34.27277778,36 M,614755,9748103,1204,Wild,2016,13,1279.26,183,100.46,93.4,89.8,163.58,1.43,,,,,,,,,,1.74,3.02,,0.13,0.31,6.13,,,,,
135,Handajega,4,4,2,16,A-hor,5.00,132.30,5.00,63,14/12/2017 13:33,-2.46500,34.27527778,36 M,614772,9748108,1203,Wild,2016,13,1279.26,198.5,48.51,46.91,46.91,191.95,1.45,,,,,,,,,,2.45,1.78,,0.16,0.12,6.41,,,,,
136,Handajega,4,4,2,16,Min-hor,17.50,117.75,15.00,63,14/12/2017 13:33,-2.46500,34.27527778,36 M,614772,9748108,1203,Wild,2016,13,1279.26,194,54.64,51.59,49.6,176.11,1.50,,,,,,,,,,1.23,2.30,,0.09,0.23,6.42,,,,,
137,Handajega,4,4,3,16,A-hor,5.00,132.30,5.00,64,14/12/2017 13:46,-2.47028,34.275,36 M,614770,9748073,1203,Wild,2016,13,1279.26,193.5,51.97,49.46,49.46,184.15,1.39,,,,,,,,,,2.34,1.63,,0.16,0.11,6.35,,,,,
138,Handajega,4,4,3,16,Min-hor,17.33,116.18,15.00,64,14/12/2017 13:46,-2.47028,34.275,36 M,614770,9748073,1203,Wild,2016,13,1279.26,170.5,55.14,53.25,53.25,164.66,1.42,,,,,,,,,,1.65,2.88,,0.11,0.28,5.94,,,,,
139,Handajega,4,4,4,16,A-hor,5.00,132.30,5.00,65,14/12/2017 13:55,-2.46667,34.27611111,36 M,614778,9748097,1202,Wild,2016,13,1279.26,191,49.2,46.28,46.28,179.66,1.36,,,,,,,,,,1.22,0.83,,0.09,0.06,6.49,,,,,
140,Handajega,4,4,4,16,Min-hor,17.33,116.18,15.00,65,14/12/2017 13:55,-2.46667,34.27611111,36 M,614778,9748097,1202,Wild,2016,13,1279.26,207,52.03,49.41,49.41,196.58,1.69,,,,,,,,,,1.47,3.08,,0.11,0.33,6.31,,,,,
149,Seronera,5,1,1,17,O-hor,2.67,22.64,3.00,70,16/12/2017 09:14,-2.53194,34.91805556,36 M,704421,9730248,1519,Wild,2016,4,855.62,43.66,43.66,38.17,38.17,38.17,1.69,,,,,,,,,,1.97,0.89,,0.15,0.07,6.64,,,,,
150,Seronera,5,1,1,17,A-hor,5.00,132.30,5.00,70,16/12/2017 09:14,-2.53194,34.91805556,36 M,704421,9730248,1519,Wild,2016,4,855.62,194,104.69,93.56,87.9,162.89,1.23,,,,,,,,,,1.02,0.63,,0.07,0.04,6.66,,,,,
151,Seronera,5,1,1,17,Min-hor,17.50,117.75,15.00,70,16/12/2017 09:14,-2.53194,34.91805556,36 M,704421,9730248,1519,Wild,2016,4,855.62,209,97.52,88.03,71.6,153.45,1.30,,,,,,,,,,1.69,2.75,,0.14,0.32,7.04,,,,,
152,Seronera,5,1,2,17,A-hor,5.00,132.30,5.00,71,16/12/2017 09:35,-2.53306,34.91972222,36 M,704431,9730240,1519,Wild,2016,4,855.62,188,49.15,44.8,41.1,157.21,1.19,,,,,,,,,,1.22,0.73,,0.11,0.07,6.78,,,,,
153,Seronera,5,1,2,17,Min-hor,17.50,117.75,15.00,71,16/12/2017 09:35,-2.53306,34.91972222,36 M,704431,9730240,1519,Wild,2016,4,855.62,187,53.37,48.33,44.8,156.97,1.33,,,,,,,,,,1.05,1.74,,0.09,0.21,6.82,,,,,
154,Seronera,5,1,3,17,A-hor,5.00,132.30,5.00,72,16/12/2017 09:59,-2.53361,34.91972222,36 M,704432,9730236,1519,Wild,2016,4,855.62,298,46.42,41.86,38.6,247.80,1.87,,,,,,,,,,1.24,1.16,,0.12,0.11,6.7,,,,,
155,Seronera,5,1,3,17,Min-hor,18.83,173.75,15.00,72,16/12/2017 09:59,-2.53361,34.91972222,36 M,704432,9730236,1519,Wild,2016,4,855.62,313,57.56,52.82,45.4,246.88,1.42,,,,,,,,,,1.09,2.13,,0.10,0.26,7.15,,,,,
156,Seronera,5,1,4,17,A-hor,5.00,132.30,5.00,73,16/12/2017 10:23,-2.53472,34.91861111,36 M,704425,9730230,1521,Wild,2016,4,855.62,228,45.43,42.46,37.9,190.21,1.44,,,,,,,,,,1.06,0.76,,0.09,0.07,6.79,,,,,
157,Seronera,5,1,4,17,Min-hor,17.50,117.75,15.00,73,16/12/2017 10:23,-2.53472,34.91861111,36 M,704425,9730230,1521,Wild,2016,4,855.62,175,53.2,48.67,48.67,160.10,1.36,,,,,,,,,,1.85,3.15,,0.15,0.35,7.54,,,,,
158,Seronera,5,2,1,18,A-hor,5.00,132.30,5.00,74,16/12/2017 10:43,-2.51556,34.88972222,36 M,704232,9730358,1518,Wild,2016,4,855.62,214,103.44,97,88.2,182.47,1.38,98.86,1.36,3.98,4.83,0.18,0.82,12,21,67,1.88,1.29,1.55,0.15,0.10,6.77,18.71,0.69,2.5,0.46,49
159,Seronera,5,2,1,18,Min-hor,17.33,116.18,15.00,74,16/12/2017 10:43,-2.51556,34.88972222,36 M,704232,9730358,1518,Wild,2016,4,855.62,200,104.74,97.34,83.1,158.68,1.37,98.05,1.34,4.16,5.38,0.23,0.77,24,17,60,1.37,2.31,1.06,0.11,0.26,7.63,21.95,1.1,2.7,0.3,9.5
160,Seronera,5,2,2,18,A-hor,5.00,132.30,5.00,75,16/12/2017 10:59,-2.51278,34.89055556,36 M,704237,9730375,1521,Wild,2016,4,855.62,169,46.44,40.27,40.27,146.55,1.11,,,,,,,12,21,67,1.53,0.85,,0.13,0.07,6.56,,,,,
161,Seronera,5,2,2,18,Min-hor,17.17,114.61,15.00,75,16/12/2017 10:59,-2.51278,34.89055556,36 M,704237,9730375,1521,Wild,2016,4,855.62,196,57.11,51.17,47.3,162.33,1.42,,,,,,,24,17,60,1.87,3.21,,0.16,0.38,7.23,,,,,
162,Seronera,5,2,3,18,A-hor,5.00,132.30,5.00,76,16/12/2017 11:19,-2.51639,34.88694444,36 M,704213,9730351,1521,Wild,2016,4,855.62,162,46.46,41.85,37.8,131.80,1.00,,,,,,,12,21,67,1.66,0.83,,0.14,0.07,6.79,,,,,
163,Seronera,5,2,3,18,Min-hor,17.50,117.75,15.00,76,16/12/2017 11:19,-2.51639,34.88694444,36 M,704213,9730351,1521,Wild,2016,4,855.62,194,43.27,38.74,34.4,154.23,1.31,,,,,,,24,17,60,1.12,1.84,,0.10,0.22,7.47,,,,,
164,Seronera,5,2,4,18,A-hor,5.00,132.30,5.00,77,16/12/2017 11:25,-2.51417,34.88805556,36 M,704220,9730367,1519,Wild,2016,4,855.62,190,48.63,43.79,39.9,155.89,1.18,,,,,,,12,21,67,1.77,1.04,,0.15,0.09,6.72,,,,,
165,Seronera,5,2,4,18,Min-hor,17.67,119.32,15.00,77,16/12/2017 11:25,-2.51417,34.88805556,36 M,704220,9730367,1519,Wild,2016,4,855.62,203,47.82,41.67,37.5,159.19,1.33,,,,,,,24,17,60,1.01,1.71,,0.10,0.23,7.55,,,,,
166,Seronera,5,3,1,19,O-hor,1.67,14.15,3.00,78,16/12/2017 11:57,-2.45750,34.845,36 M,703934,9730743,1517,Wild,2016,6,855.62,30.42,30.42,29.65,28.1,28.10,1.99,,,,,,,,,,1.38,0.46,,0.12,0.04,6.92,,,,,
167,Seronera,5,3,1,19,A-hor,5.00,132.30,5.00,78,16/12/2017 11:57,-2.45750,34.845,36 M,703934,9730743,1517,Wild,2016,6,855.62,216,98.27,91.6,86.7,190.57,1.44,,,,,,,,,,1.03,0.74,,0.09,0.07,6.59,,,,,
168,Seronera,5,3,1,19,Min-hor,17.33,116.18,15.00,78,16/12/2017 11:57,-2.45750,34.845,36 M,703934,9730743,1517,Wild,2016,6,855.62,185,96.35,90.23,78.6,150.92,1.30,,,,,,,,,,2.26,3.62,,0.19,0.43,7.22,,,,,
169,Seronera,5,3,2,19,O-hor,1.50,8.49,3.00,79,16/12/2017 12:26,-2.45556,34.84722222,36 M,703948,9730755,1518,Wild,2016,6,855.62,19.27,19.27,17.7,16.5,16.50,1.94,,,,,,,,,,1.60,0.47,,0.13,0.04,6.38,,,,,
170,Seronera,5,3,2,19,A-hor,5.00,132.30,5.00,79,16/12/2017 12:26,-2.45556,34.84722222,36 M,703948,9730755,1518,Wild,2016,6,855.62,203.5,47.09,42.65,42.65,184.31,1.39,,,,,,,,,,1.70,1.18,,0.14,0.10,6.53,,,,,
171,Seronera,5,3,2,19,Min-hor,15.83,102.05,15.00,79,16/12/2017 12:26,-2.45556,34.84722222,36 M,703948,9730755,1518,Wild,2016,6,855.62,182,55.15,49.91,49.91,164.71,1.61,,,,,,,,,,1.46,2.55,,0.13,0.32,7.14,,,,,
172,Seronera,5,3,3,19,A-hor,5.00,132.30,5.00,80,16/12/2017 12:26,-2.45861,34.84361111,36 M,703925,9730735,1517,Wild,2016,6,855.62,219,53.48,43.71,43.71,178.99,1.35,,,,,,,,,,1.58,1.07,,0.13,0.09,6.34,,,,,
173,Seronera,5,3,3,19,Min-hor,17.17,114.61,15.00,80,16/12/2017 12:26,-2.45861,34.84361111,36 M,703925,9730735,1517,Wild,2016,6,855.62,182,53.71,49.97,49.97,169.33,1.48,,,,,,,,,,1.61,2.90,,0.13,0.34,7.53,,,,,
174,Seronera,5,3,4,19,O-hor,2.50,21.23,3.00,81,16/12/2017 12:37,-2.45722,34.8425,36 M,703918,9730745,1518,Wild,2016,6,855.62,28.99,28.99,27.4,27.4,27.40,1.29,,,,,,,,,,1.67,0.54,,0.14,0.04,6.74,,,,,
175,Seronera,5,3,4,19,A-hor,5.00,132.30,5.00,81,16/12/2017 12:37,-2.45722,34.8425,36 M,703918,9730745,1518,Wild,2016,6,855.62,226.5,59.48,54.17,50.4,191.92,1.45,,,,,,,,,,1.40,1.02,,0.12,0.09,6.72,,,,,
176,Seronera,5,3,4,19,Min-hor,17.33,116.18,15.00,81,16/12/2017 12:37,-2.45722,34.8425,36 M,703918,9730745,1518,Wild,2016,6,855.62,167.5,51.58,45.92,44.5,144.51,1.24,,,,,,,,,,1.10,1.69,,0.10,0.21,7.03,,,,,
141,Seronera,5,4,1,20,A-hor,5.00,132.30,5.00,66,15/12/2017 15:16,-2.51139,34.93666667,36 M,706288,9730382,1566,Wild,,,855.62,205,99.74,96.83,89.7,184.36,1.39,98.90,1.38,4.12,5.11,0.19,0.81,10,21,69,1.82,1.27,1.47,0.15,0.11,6.85,18.67,0.86,3.5,0.54,36
142,Seronera,5,4,1,20,Min-hor,18.33,125.60,15.00,66,15/12/2017 15:16,-2.51139,34.93666667,36 M,706288,9730382,1566,Wild,,,855.62,214,97.88,91.44,81.4,177.97,1.42,98.11,1.39,4.14,5.35,0.23,0.77,21,16,62,1.97,3.73,1.53,0.16,0.42,7.29,19.36,0.99,3.5,0.25,0
143,Seronera,5,4,2,20,A-hor,5.00,132.30,5.00,67,15/12/2017 15:31,-2.50972,34.93944444,36 M,706306,9730393,1544,Wild,,,855.62,298.5,49.42,48.34,42.7,257.91,1.95,,,,,,,10,21,69,1.65,1.61,,0.14,0.14,7.12,,,,,
144,Seronera,5,4,2,20,Min-hor,16.67,109.90,15.00,67,15/12/2017 15:31,-2.50972,34.93944444,36 M,706306,9730393,1544,Wild,,,855.62,187,45.53,41.63,38.2,156.89,1.43,,,,,,,21,16,62,1.92,3.20,,0.16,0.38,7.62,,,,,
145,Seronera,5,4,3,20,A-hor,5.00,132.30,5.00,68,15/12/2017 15:41,-2.50778,34.93805556,36 M,706297,9730406,1542,Wild,,,855.62,205,49.72,48.58,43.8,180.59,1.37,,,,,,,10,21,69,1.28,0.88,,0.11,0.08,7.01,,,,,
146,Seronera,5,4,3,20,Min-hor,14.00,84.78,15.00,68,15/12/2017 15:41,-2.50778,34.93805556,36 M,706297,9730406,1542,Wild,,,855.62,146,46.04,43.58,37.2,117.97,1.39,,,,,,,21,16,62,1.54,1.93,,0.12,0.24,7.65,,,,,
147,Seronera,5,4,4,20,A-hor,5.00,132.30,5.00,69,15/12/2017 15:55,-2.50972,34.93888889,36 M,706302,9730392,1539,Wild,,,855.62,201,51.29,48.57,43.8,171.65,1.30,,,,,,,10,21,69,2.19,1.42,,0.15,0.10,7.17,,,,,
148,Seronera,5,4,4,20,Min-hor,15.00,94.20,15.00,69,15/12/2017 15:55,-2.50972,34.93888889,36 M,706302,9730392,1539,Wild,,,855.62,158,52.29,46.95,44.4,134.16,1.42,,,,,,,21,16,62,1.71,2.43,,0.15,0.31,7.82,,,,,
177,Park Nyigoti,6,1,1,21,A-hor,5.00,132.30,5.00,82,17/12/2017 08:36,-2.04472,34.75611111,36 M,684225,9776816,1376,Pasture,2013,8,1134.81,170,108.08,92.51,92.51,145.51,1.10,98.06,1.08,8.56,9.71,0.12,0.88,23,46,32,2.63,1.44,2.31,0.16,0.09,6.22,25.41,0.9,4.9,0.74,82
178,Park Nyigoti,6,1,1,21,Min-hor,18.17,124.03,15.00,82,17/12/2017 08:36,-2.04472,34.75611111,36 M,684225,9776816,1376,Pasture,2013,8,1134.81,199,100.67,89.01,89.01,175.95,1.42,98.17,1.39,6.45,7.68,0.16,0.84,26,39,35,2.21,4.12,1.85,0.14,0.35,5.98,21.77,0.99,6.2,0.76,72
179,Park Nyigoti,6,1,2,21,A-hor,5.00,132.30,5.00,83,17/12/2017 08:49,-2.04750,34.75666667,36 M,684227,9776799,1376,Pasture,2013,8,1134.81,179,52.16,45.62,45.62,156.56,1.18,,,,,,,23,46,32,2.55,1.51,,0.16,0.09,6.21,,,,,
180,Park Nyigoti,6,1,2,21,Min-hor,17.17,114.61,15.00,83,17/12/2017 08:49,-2.04750,34.75666667,36 M,684227,9776799,1376,Pasture,2013,8,1134.81,187,53.28,48.28,48.28,169.45,1.48,,,,,,,26,39,35,1.35,2.43,,0.09,0.23,6.09,,,,,
181,Park Nyigoti,6,1,3,21,A-hor,5.00,132.30,5.00,84,17/12/2017 08:59,-2.04778,34.75777778,36 M,684236,9776797,1376,Pasture,2013,8,1134.81,188.5,56.43,46.71,46.71,156.03,1.18,,,,,,,23,46,32,3.31,1.95,,0.21,0.12,6.14,,,,,
182,Park Nyigoti,6,1,3,21,Min-hor,19.67,138.16,15.00,84,17/12/2017 08:59,-2.04778,34.75777778,36 M,684236,9776797,1376,Pasture,2013,8,1134.81,225,45.98,39.12,39.12,191.43,1.39,,,,,,,26,39,35,1.32,2.69,,0.08,0.22,6.03,,,,,
183,Park Nyigoti,6,1,4,21,A-hor,5.00,132.30,5.00,85,17/12/2017 09:13,-2.04750,34.75527778,36 M,684219,9776799,1377,Pasture,2013,8,1134.81,167,52.6,45.15,45.15,143.35,1.08,,,,,,,23,46,32,2.46,1.33,,0.15,0.08,6.17,,,,,
184,Park Nyigoti,6,1,4,21,Min-hor,18.00,122.46,15.00,85,17/12/2017 09:13,-2.04750,34.75527778,36 M,684219,9776799,1377,Pasture,2013,8,1134.81,204.5,57.74,50.28,50.28,178.08,1.45,,,,,,,26,39,35,2.05,3.87,,0.12,0.31,5.95,,,,,
185,Park Nyigoti,6,2,1,22,A-hor,5.00,132.30,5.00,86,17/12/2017 09:47,-2.15500,34.69694444,36 M,683829,9776085,1370,Pasture,2010,7,1134.81,156,101.39,87.77,87.77,135.04,1.02,,,,,,,,,,3.24,1.65,,0.20,0.10,6.66,,,,,
186,Park Nyigoti,6,2,1,22,Min-hor,18.00,122.46,15.00,86,17/12/2017 09:47,-2.15500,34.69694444,36 M,683829,9776085,1370,Pasture,2010,7,1134.81,183,98.86,84.28,72.3,133.83,1.09,,,,,,,,,,2.67,3.79,,0.16,0.31,6.44,,,,,
187,Park Nyigoti,6,2,2,22,A-hor,5.00,132.30,5.00,87,17/12/2017 10:01,-2.15306,34.69833333,36 M,683838,9776098,1371,Pasture,2010,7,1134.81,167.5,47.15,40.9,38.9,138.19,1.04,,,,,,,,,,3.20,1.67,,0.17,0.09,6.42,,,,,
188,Park Nyigoti,6,2,2,22,Min-hor,18.17,124.03,15.00,87,17/12/2017 10:01,-2.15306,34.69833333,36 M,683838,9776098,1371,Pasture,2010,7,1134.81,183,47.09,40.81,40.81,158.59,1.28,,,,,,,,,,2.96,4.99,,0.17,0.39,6.43,,,,,
189,Park Nyigoti,6,2,3,22,A-hor,5.00,132.30,5.00,88,17/12/2017 10:10,-2.15444,34.69944444,36 M,683845,9776089,1371,Pasture,2010,7,1134.81,133,57.36,48.8,48.8,113.15,0.86,,,,,,,,,,3.65,1.56,,0.20,0.09,6.47,,,,,
190,Park Nyigoti,6,2,3,22,Min-hor,17.00,113.04,15.00,88,17/12/2017 10:10,-2.15444,34.69944444,36 M,683845,9776089,1371,Pasture,2010,7,1134.81,182,43.73,36.56,36.56,152.16,1.35,,,,,,,,,,2.93,4.74,,0.20,0.45,6.37,,,,,
191,Park Nyigoti,6,2,4,22,A-hor,5.00,132.30,5.00,89,17/12/2017 10:19,-2.15222,34.69944444,36 M,683845,9776105,1373,Pasture,2010,7,1134.81,161,56.05,50.27,47.4,136.15,1.03,,,,,,,,,,2.97,1.53,,0.21,0.11,6.42,,,,,
192,Park Nyigoti,6,2,4,22,Min-hor,17.00,113.04,15.00,89,17/12/2017 10:19,-2.15222,34.69944444,36 M,683845,9776105,1373,Pasture,2010,7,1134.81,168.5,49.76,44.88,44.88,151.98,1.34,,,,,,,,,,2.00,3.23,,0.14,0.33,6.48,,,,,
193,Park Nyigoti,6,3,1,23,A-hor,5.00,132.30,5.00,90,17/12/2017 10:58,-2.28111,34.68777778,36 M,683767,9775249,1372,Pasture,2007,6,1134.81,184.5,107.42,95.5,95.5,164.03,1.24,98.31,1.22,7.14,7.99,0.11,0.89,21,36,44,2.29,1.42,2.04,0.17,0.10,6.54,25.28,0.92,3.5,0.52,56
194,Park Nyigoti,6,3,1,23,Min-hor,20.00,141.30,15.00,90,17/12/2017 10:58,-2.28111,34.68777778,36 M,683767,9775249,1372,Pasture,2007,6,1134.81,229.5,112.61,99.17,99.17,202.11,1.43,98.70,1.41,5.72,6.63,0.14,0.86,22,37,41,1.88,4.04,1.63,0.14,0.39,6.41,23.53,1.1,4.3,0.49,37
195,Park Nyigoti,6,3,2,23,A-hor,5.00,132.30,5.00,91,17/12/2017 11:10,-2.27917,34.68833333,36 M,683770,9775263,1370,Pasture,2007,6,1134.81,188,55.43,48.72,48.72,165.24,1.25,,,,,,,21,36,44,2.44,1.52,,0.17,0.11,6.34,,,,,
196,Park Nyigoti,6,3,2,23,Min-hor,20.00,141.30,15.00,91,17/12/2017 11:10,-2.27917,34.68833333,36 M,683770,9775263,1370,Pasture,2007,6,1134.81,241.5,53.03,45.94,45.94,209.21,1.48,,,,,,,22,37,41,1.86,4.12,,0.13,0.38,6.23,,,,,
197,Park Nyigoti,6,3,3,23,A-hor,5.00,132.30,5.00,92,17/12/2017 11:23,-2.27944,34.6875,36 M,683765,9775261,1370,Pasture,2007,6,1134.81,230,53.74,44.89,44.89,192.12,1.45,,,,,,,21,36,44,3.69,2.68,,0.25,0.18,6.33,,,,,
198,Park Nyigoti,6,3,3,23,Min-hor,20.00,141.30,15.00,92,17/12/2017 11:23,-2.27944,34.6875,36 M,683765,9775261,1370,Pasture,2007,6,1134.81,242,51.43,43.99,43.99,206.99,1.46,,,,,,,22,37,41,1.45,3.18,,0.09,0.28,6.04,,,,,
199,Park Nyigoti,6,3,4,23,A-hor,5.00,132.30,5.00,93,17/12/2017 11:36,-2.28139,34.68833333,36 M,683771,9775247,1370,Pasture,2007,6,1134.81,175.4,50.19,43.53,43.53,152.13,1.15,,,,,,,21,36,44,3.24,1.86,,0.22,0.13,6.5,,,,,
200,Park Nyigoti,6,3,4,23,Min-hor,19.33,135.02,15.00,93,17/12/2017 11:36,-2.28139,34.68833333,36 M,683771,9775247,1370,Pasture,2007,6,1134.81,209.5,52.19,44.98,44.98,180.56,1.34,,,,,,,22,37,41,1.87,3.58,,0.13,0.34,6.25,,,,,
201,Park Nyigoti,6,4,1,24,A-hor,5.00,132.30,5.00,94,17/12/2017 12:02,-2.11583,34.68361111,36 M,683739,9774614,1368,Pasture,2013,5,1134.81,172.5,104.68,90.41,87.5,144.19,1.09,,,,,,,,,,3.41,1.86,,0.26,0.14,7.01,,,,,
202,Park Nyigoti,6,4,1,24,Min-hor,18.67,128.74,15.00,94,17/12/2017 12:02,-2.11583,34.68361111,36 M,683739,9774614,1368,Pasture,2013,5,1134.81,92,94.67,82.49,78,75.80,0.59,,,,,,,,,,2.44,1.96,,0.17,0.19,7.06,,,,,
203,Park Nyigoti,6,4,2,24,A-hor,5.00,132.30,5.00,95,17/12/2017 12:15,-2.11944,34.68611111,36 M,683754,9774589,1367,Pasture,2013,5,1134.81,157,51.96,45.61,45.61,137.81,1.04,,,,,,,,,,3.08,1.60,,0.20,0.11,7.02,,,,,
204,Park Nyigoti,6,4,2,24,Min-hor,18.17,124.03,15.00,95,17/12/2017 12:15,-2.11944,34.68611111,36 M,683754,9774589,1367,Pasture,2013,5,1134.81,171,53.09,45.78,42.6,137.21,1.11,,,,,,,,,,2.70,3.93,,0.16,0.33,6.79,,,,,
205,Park Nyigoti,6,4,3,24,A-hor,5.00,132.30,5.00,96,17/12/2017 12:32,-2.11611,34.68472222,36 M,683746,9774612,1368,Pasture,2013,5,1134.81,157,49.75,40.73,34,107.30,0.81,,,,,,,,,,2.96,1.20,,0.21,0.08,7.09,,,,,
206,Park Nyigoti,6,4,3,24,Min-hor,19.33,135.02,15.00,96,17/12/2017 12:32,-2.11611,34.68472222,36 M,683746,9774612,1368,Pasture,2013,5,1134.81,193.5,47.48,39.81,32.4,132.04,0.98,,,,,,,,,,2.96,4.15,,0.20,0.38,7.02,,,,,
207,Park Nyigoti,6,4,4,24,A-hor,5.00,132.30,5.00,97,17/12/2017 12:38,-2.11861,34.68583333,36 M,683753,9774595,1368,Pasture,2013,5,1134.81,169.5,50.58,44.62,44.62,149.53,1.13,,,,,,,,,,2.96,1.68,,0.19,0.11,6.98,,,,,
208,Park Nyigoti,6,4,4,24,Min-hor,19.17,133.45,15.00,97,17/12/2017 12:38,-2.11861,34.68583333,36 M,683753,9774595,1368,Pasture,2013,5,1134.81,191.3,54.04,47.7,47.7,168.86,1.27,,,,,,,,,,2.79,5.00,,0.18,0.43,6.8,,,,,
209,Ikorongo,7,1,1,25,A-hor,5.00,132.30,5.00,110,18/12/2017 12:08,-2.21000,34.88638889,36 M,685095,9777452,1397,Wild,2015,11,1134.81,184,102.82,87.19,87.19,156.03,1.18,97.33,1.15,9.70,10.92,0.11,0.89,35,40,25,3.49,2.06,3.11,0.20,0.12,6.4,36.54,1.5,3.2,0.6,64
210,Ikorongo,7,1,1,25,Min-hor,18.00,122.46,15.00,110,18/12/2017 12:08,-2.21000,34.88638889,36 M,685095,9777452,1397,Wild,2015,11,1134.81,195,91.22,77.44,77.44,165.54,1.35,97.36,1.32,8.20,9.53,0.14,0.86,39,36,25,2.60,4.57,2.24,0.14,0.35,6.2,32.09,1.5,3.5,0.6,67
211,Ikorongo,7,1,2,25,A-hor,5.00,132.30,5.00,111,18/12/2017 12:21,-2.20500,34.88861111,36 M,685109,9777485,1393,Wild,2015,11,1134.81,181,43.79,37.36,37.36,154.42,1.17,,,,,,,35,40,25,4.25,2.48,,0.24,0.14,6.32,,,,,
212,Ikorongo,7,1,2,25,Min-hor,17.17,114.61,15.00,111,18/12/2017 12:21,-2.20500,34.88861111,36 M,685109,9777485,1393,Wild,2015,11,1134.81,178,57.68,50.05,50.05,154.45,1.35,,,,,,,39,36,25,3.60,5.91,,0.21,0.49,6.01,,,,,
213,Ikorongo,7,1,3,25,A-hor,5.00,132.30,5.00,112,18/12/2017 12:23,-2.20778,34.88666667,36 M,685096,9777466,1393,Wild,2015,11,1134.81,179,47.38,41.34,41.34,156.18,1.18,,,,,,,35,40,25,2.68,1.58,,0.16,0.09,6.5,,,,,
214,Ikorongo,7,1,3,25,Min-hor,16.67,109.90,15.00,112,18/12/2017 12:23,-2.20778,34.88666667,36 M,685096,9777466,1393,Wild,2015,11,1134.81,162.3,54.01,47.95,47.95,144.09,1.31,,,,,,,39,36,25,3.06,4.68,,0.19,0.42,6.277,,,,,
215,Ikorongo,7,1,4,25,A-hor,5.00,132.30,5.00,113,18/12/2017 12:43,-2.20861,34.88888889,36 M,685112,9777461,1393,Wild,2015,11,1134.81,162,55.73,49.96,49.96,145.23,1.10,,,,,,,35,40,25,2.54,1.40,,0.16,0.09,7.05,,,,,
216,Ikorongo,7,1,4,25,Min-hor,17.50,117.75,15.00,113,18/12/2017 12:43,-2.20861,34.88888889,36 M,685112,9777461,1393,Wild,2015,11,1134.81,174,50.07,44.18,44.18,153.53,1.30,,,,,,,39,36,25,2.44,3.98,,0.16,0.37,6.5,,,,,
217,Ikorongo,7,2,1,26,A-hor,5.00,132.30,5.00,106,18/12/2017 11:24,-2.27444,34.87055556,36 M,684989,9777025,1388,Wild,2013,10,1134.81,193,105.48,87.3,87.3,159.74,1.21,,,,,,,,,,3.64,2.20,,0.21,0.13,6.33,,,,,
218,Ikorongo,7,2,1,26,Min-hor,18.17,124.03,15.00,106,18/12/2017 11:24,-2.27444,34.87055556,36 M,684989,9777025,1388,Wild,2013,10,1134.81,209.5,102.45,88.05,88.05,180.05,1.45,,,,,,,,,,2.16,4.13,,0.13,0.34,6.03,,,,,
219,Ikorongo,7,2,2,26,A-hor,5.00,132.30,5.00,107,18/12/2017 11:27,-2.27639,34.86916667,36 M,684980,9777012,1388,Wild,2013,10,1134.81,180.5,50.47,43.3,43.3,154.86,1.17,,,,,,,,,,2.87,1.68,,0.17,0.10,6.34,,,,,
220,Ikorongo,7,2,2,26,Min-hor,18.50,127.17,15.00,107,18/12/2017 11:27,-2.27639,34.86916667,36 M,684980,9777012,1388,Wild,2013,10,1134.81,210.5,58.41,50.92,50.92,183.51,1.44,,,,,,,,,,1.92,3.74,,0.11,0.30,6.03,,,,,
221,Ikorongo,7,2,3,26,A-hor,5.00,132.30,5.00,108,18/12/2017 11:32,-2.27500,34.87166667,36 M,684997,9777021,1388,Wild,2013,10,1134.81,196.5,51.44,42.44,42.44,162.12,1.23,,,,,,,,,,3.00,1.84,,0.18,0.11,6.32,,,,,
222,Ikorongo,7,2,3,26,Min-hor,19.83,139.73,15.00,108,18/12/2017 11:32,-2.27500,34.87166667,36 M,684997,9777021,1388,Wild,2013,10,1134.81,216,57.47,49.19,49.19,184.88,1.32,,,,,,,,,,2.49,4.88,,0.16,0.41,6.19,,,,,
223,Ikorongo,7,2,4,26,A-hor,5.00,132.30,5.00,109,18/12/2017 11:42,-2.27278,34.87166667,36 M,684995,9777035,1389,Wild,2013,10,1134.81,222,52.47,43.91,43.91,185.78,1.40,,,,,,,,,,3.27,2.30,,0.20,0.14,6.28,,,,,
224,Ikorongo,7,2,4,26,Min-hor,19.00,131.88,15.00,109,18/12/2017 11:42,-2.27278,34.87166667,36 M,684995,9777035,1389,Wild,2013,10,1134.81,176.5,52.58,44.75,44.75,150.22,1.14,,,,,,,,,,2.67,4.26,,0.15,0.33,6.17,,,,,
225,Ikorongo,7,3,1,27,A-hor,5.00,132.30,5.00,102,18/12/2017 10:23,-2.06472,34.82861111,36 M,684709,9776684,1379,Wild,2013,10,1134.81,183,95.92,80.67,80.67,153.91,1.16,97.99,1.14,8.62,10.13,0.15,0.85,25,44,31,3.42,1.99,2.91,0.20,0.12,6.31,26.92,1.1,4.3,0.6,59
226,Ikorongo,7,3,1,27,Min-hor,18.50,127.17,15.00,102,18/12/2017 10:23,-2.06472,34.82861111,36 M,684709,9776684,1379,Wild,2013,10,1134.81,202.5,100.91,87.66,84.8,170.17,1.34,98.06,1.31,6.54,8.02,0.19,0.81,28,40,31,2.09,3.77,1.70,0.13,0.32,6.09,18.11,1.2,4.8,0.63,65
227,Ikorongo,7,3,2,27,A-hor,5.00,132.30,5.00,103,18/12/2017 10:35,-2.06306,34.83111111,36 M,684724,9776694,1379,Wild,2013,10,1134.81,186,51.32,45,45,163.09,1.23,,,,,,,25,44,31,2.34,1.44,,0.14,0.08,6.52,,,,,
228,Ikorongo,7,3,2,27,Min-hor,15.83,102.05,15.00,103,18/12/2017 10:35,-2.06306,34.83111111,36 M,684724,9776694,1379,Wild,2013,10,1134.81,163,47.45,41.84,41.84,143.73,1.41,,,,,,,28,40,31,3.78,5.77,,0.23,0.52,6.02,,,,,
229,Ikorongo,7,3,3,27,A-hor,5.00,132.30,5.00,104,18/12/2017 10:44,-2.06722,34.83,36 M,684717,9776667,1380,Wild,2013,10,1134.81,191.5,50,43.18,43.18,165.38,1.25,,,,,,,25,44,31,2.21,1.38,,0.14,0.09,6.17,,,,,
230,Ikorongo,7,3,3,27,Min-hor,17.67,119.32,15.00,104,18/12/2017 10:44,-2.06722,34.83,36 M,684717,9776667,1380,Wild,2013,10,1134.81,206,57.22,49.26,49.26,177.34,1.49,,,,,,,28,40,31,1.85,3.48,,0.12,0.31,6.03,,,,,
231,Ikorongo,7,3,4,27,A-hor,5.00,132.30,5.00,105,18/12/2017 10:52,-2.06778,34.83222222,36 M,684733,9776664,1381,Wild,2013,10,1134.81,173,51.3,44.77,44.77,150.98,1.14,,,,,,,25,44,31,2.43,1.38,,0.15,0.09,6.43,,,,,
232,Ikorongo,7,3,4,27,Min-hor,18.17,124.03,15.00,105,18/12/2017 10:52,-2.06778,34.83222222,36 M,684733,9776664,1381,Wild,2013,10,1134.81,185.5,48.83,43.14,43.14,163.88,1.32,,,,,,,28,40,31,1.48,2.57,,0.10,0.24,6.08,,,,,
233,Ikorongo,7,4,1,28,A-hor,5.00,132.30,5.00,98,18/12/2017 09:31,-2.22333,34.82138889,36 M,684660,9775631,1366,Wild,2017,7,1134.81,170,97.66,94.98,80.3,139.78,1.06,,,,,,,,,,4.56,2.41,,0.27,0.14,6.18,,,,,
234,Ikorongo,7,4,1,28,Min-hor,17.33,116.18,15.00,98,18/12/2017 09:31,-2.22333,34.82138889,36 M,684660,9775631,1366,Wild,2017,7,1134.81,185,89.48,75.39,75.39,155.87,1.34,,,,,,,,,,2.80,4.64,,0.17,0.39,5.8,,,,,
235,Ikorongo,7,4,2,28,A-hor,5.00,132.30,5.00,99,18/12/2017 09:41,-2.22083,34.82555556,36 M,684686,9775648,1366,Wild,2017,7,1134.81,174.5,45.37,38.42,38.42,147.77,1.12,,,,,,,,,,3.81,2.13,,0.22,0.12,6.14,,,,,
236,Ikorongo,7,4,2,28,Min-hor,19.00,131.88,15.00,99,18/12/2017 09:41,-2.22083,34.82555556,36 M,684686,9775648,1366,Wild,2017,7,1134.81,217,60.43,52.55,52.55,188.70,1.43,,,,,,,,,,1.80,3.60,,0.12,0.34,5.99,,,,,
237,Ikorongo,7,4,3,28,A-hor,5.00,132.30,5.00,100,18/12/2017 09:50,-2.22361,34.8225,36 M,684666,9775630,1366,Wild,2017,7,1134.81,184,47.73,41.18,41.18,158.75,1.20,,,,,,,,,,2.38,1.43,,0.15,0.09,6.16,,,,,
238,Ikorongo,7,4,3,28,Min-hor,19.33,135.02,15.00,100,18/12/2017 09:50,-2.22361,34.8225,36 M,684666,9775630,1366,Wild,2017,7,1134.81,206,44.28,37.74,37.74,175.57,1.30,,,,,,,,,,2.04,3.80,,0.12,0.31,6.89,,,,,
239,Ikorongo,7,4,4,28,A-hor,5.00,132.30,5.00,101,18/12/2017 10:02,-2.22222,34.82333333,36 M,684672,9775638,1367,Wild,2017,7,1134.81,177,43.69,35.7,35.7,144.63,1.09,,,,,,,,,,3.23,1.77,,0.18,0.10,6.12,,,,,
240,Ikorongo,7,4,4,28,Min-hor,18.83,130.31,15.00,101,18/12/2017 10:02,-2.22222,34.82333333,36 M,684672,9775638,1367,Wild,2017,7,1134.81,208,53.4,44.76,44.76,174.35,1.34,,,,,,,,,,2.15,3.98,,0.13,0.34,6.02,,,,,
,,,,,,,,,,,,,,,,,,,,,,,,,,,,,,,,,,,,,,,,,,,,,,,
,,,,,,,,,,,,,,,,,,,,,,,,,,,,,,,,,,,,,,,,,,,,,,,
,,,,,,,,,,,,,,,,,,,,,,,,,,,,,,,,,,,,,,,,,,,,,,,
,,,,,,,,,,,,,,,,,,,,,,,,,,,,,,,,,,,,,,,,,,,,,,,