plot.id,block.id.harvest,site.id,block.id,stu.block.id,site.name,region,landuse,block,stu.block,treatment,harvest,wp,lat,long,setup.date,harvest.date,growth.period,rain.sum,rain.acc.sum,target.sp.,pasture.disc.setup,height. setup,target.sp.cover.setup,total.veg.cover.setup,pasture.disc.harvest,height.harvest,target.sp.cover.harvest,total.veg.cover.harvest,PREVIOUS (HX-1)biomass.target.sp.g,PREVIOUS (HX-1)biomass.other.sp.g,PREVIOUS (HX-1)biomass.total.g,biomass.target.sp.,biomass.other.sp.,biomass.total.g,productivity.target.g.m2.day,consumption.target.g.m2.day,productivity.other.g.m2.day,consumption.other.g.m2.day,productivity.total.g.m2.day,consumption.total.g.m2.day
WET_W_1_H0,WET_W_1_H1,WET_W,WET_W_1,WET_W_3,Handajega,WET,W,1,3,H0,H0,954,-2.272484,34.023326,2/16/2017,,0,0.00,0.00,The.tri,3.0,2.6,15,50,,,,,,,,1.83,13.97,15.8,,,,,,
WET_W_2_H0,WET_W_2_H1,WET_W,WET_W_2,WET_W_4,Handajega,WET,W,2,4,H0,H0,953,-2.278300,34.024459,2/16/2017,,0,0.00,0.00,The.tri,,,10,40,,,,,,,,2.22,10.14,12.36,,,,,,
WET_W_3_H0,WET_W_3_H1,WET_W,WET_W_3,WET_W_1,Handajega,WET,W,3,1,H0,H0,951,-2.277999,34.027678,2/16/2017,,0,0.00,0.00,The.tri,3.4,3.8,25,60,,,,,,,,8.61,14.16,22.77,,,,,,
WET_W_4_H0,WET_W_4_H1,WET_W,WET_W_4,WET_W_2,Handajega,WET,W,4,2,H0,H0,950,-2.278837,34.031884,2/16/2017,,0,0.00,0.00,The.tri,1.5,2.6,25,70,,,,,,,,,29.26,29.26,,,,,,
WET_P_1_H0,WET_P_1_H1,WET_P,WET_P_1,WET_P_1,Mwantimba,WET,P,1,1,H0,H0,957,-2.350052,34.049976,2/17/2017,,0,0.00,0.00,Chr.ori,0.5,,1,5,,,,,,,,2.42,0.86,3.28,,,,,,
WET_P_2_H0,WET_P_2_H1,WET_P,WET_P_2,WET_P_2,Mwantimba,WET,P,2,2,H0,H0,959,-2.348488,34.050110,2/17/2017,,0,0.00,0.00,Chr.ori,0.5,0.8,1,15,,,,,,,,0.69,2.52,3.21,,,,,,
WET_P_3_H0,WET_P_3_H1,WET_P,WET_P_3,WET_P_4,Mwantimba,WET,P,3,4,H0,H0,1022,-2.367293,34.062509,2/17/2017,,0,0.00,0.00,Chr.ori,1.0,1.2,,,,,,,,,,,4.96,4.96,,,,,,
WET_P_4_H0,WET_P_4_H1,WET_P,WET_P_4,WET_P_3,Mwantimba,WET,P,4,3,H0,H0,1020,-2.368570,34.062586,2/23/2017,,0,0.00,0.00,Chr.ori,,0.7,12,20,,,,,,,,1.65,2.76,4.41,,,,,,
DRY_W_1_H0,DRY_W_1_H1,DRY_W,DRY_W_1,DRY_W_3,Maswa,DRY,W,1,3,H0,H0,995,-3.299332,34.848458,2/19/2017,,0,0.00,0.00,Cyn.dac,,0.3,22,30,,,,,,,,12.24,1.98,14.22,,,,,,
DRY_W_2_H0,DRY_W_2_H1,DRY_W,DRY_W_2,DRY_W_4,Maswa,DRY,W,2,4,H0,H0,980,-3.303268,34.847796,2/19/2017,,0,0.00,0.00,Cyn.dac,,0.4,12,40,,,,,,,,3.99,7.26,11.25,,,,,,
DRY_W_3_H0,DRY_W_3_H1,DRY_W,DRY_W_3,DRY_W_1,Maswa,DRY,W,3,1,H0,H0,998,-3.295645,34.852435,2/20/2017,,0,0.00,0.00,Cyn.dac,,0.4,8,30,,,,,,,,2.42,11.05,13.47,,,,,,
DRY_W_4_H0,DRY_W_4_H1,DRY_W,DRY_W_4,DRY_W_2,Maswa,DRY,W,4,2,H0,H0,1000,-3.296013,34.854327,2/20/2017,,0,0.00,0.00,Cyn.dac,,0.4,10,40,,,,,,,,1.47,13.36,14.83,,,,,,
DRY_P_1_H0,DRY_P_1_H1,DRY_P,DRY_P_1,DRY_P_2,Makao,DRY,P,1,2,H0,H0,1009,-3.303212,34.847736,2/21/2017,,0,0.00,0.00,Chl.pyc,1.4,3.1,10,50,,,,,,,,2.03,11.73,13.76,,,,,,
DRY_P_2_H0,DRY_P_2_H1,DRY_P,DRY_P_2,DRY_P_3,Makao,DRY,P,2,3,H0,H0,1006,-3.408426,34.850244,2/21/2017,,0,0.00,0.00,Chl.pyc,0.5,1.3,27,45,,,,,,,,5.90,4.22,10.12,,,,,,
DRY_P_3_H0,DRY_P_3_H1,DRY_P,DRY_P_3,DRY_P_1,Makao,DRY,P,3,1,H0,H0,1001,-3.406316,34.850407,2/20/2017,,0,0.00,0.00,Chl.pyc,1.0,3.0,8,30,,,,,,,,0.79,11.00,11.79,,,,,,
DRY_P_4_H0,DRY_P_4_H1,DRY_P,DRY_P_4,,Makao,DRY,P,4,,H0,H0,1003,-3.406853,34.851600,2/20/2017,,0,0.00,0.00,Chl.pyc,1.3,1.9,7,40,,,,,,,,1.16,11.66,12.82,,,,,,
SE_1_H0,SE_1_H1,SE_1_,SE_1,,Seronera,SE,W,1,,H0,H0,1023,-2.437747,34.855162,2/26/2017,,0,0.00,0.00,Dig.mac,,,,35,,,,,,,,,12.35,12.35,,,,,,
SE_2_H0,SE_2_H1,SE_2_,SE_2,,Seronera,SE,W,2,,H0,H0,1025,-2.437766,34.855394,2/26/2017,,0,0.00,0.00,Dig.mac,,,,30,,,,,,,,,8.48,8.48,,,,,,
SE_3_H0,SE_3_H1,SE_3_,SE_3,,Seronera,SE,W,3,,H0,H0,1027,-2.437991,34.855418,2/26/2017,,0,0.00,0.00,Dig.mac,,,,40,,,,,,,,,9.81,9.81,,,,,,
SE_4_H0,SE_4_H1,SE_4_,SE_4,,Seronera,SE,W,4,,H0,H0,1026,-2.438079,34.854989,2/26/2017,,0,0.00,0.00,Dig.mac,,,,35,,,,,,,,,10.10,10.1,,,,,,
WET_W_1_EX_H1,WET_W_1_H1,WET_W,WET_W_1,WET_W_3,Handajega,WET,W,1,3,EX,H1,954,-2.272484,34.023326,2/16/2017,3/20/2017,32,145.67,145.67,The.tri,3.0,1.9,10,65,4.00,1.20,4.00,45.00,,,,1.28,16.10,17.38,-0.047743056,-0.039930556,0.18,0.36,0.14,0.316840278
WET_W_1_OP_H1,WET_W_1_H1,WET_W,WET_W_1,WET_W_3,Handajega,WET,W,1,3,OP,H1,954,-2.272484,34.023326,2/16/2017,3/20/2017,32,145.67,291.3436151,The.tri,2.5,2.3,10,40,1.50,1.40,8.00,30.00,1.83,13.97,15.8,1.74,11.99,13.73,-0.0078125,,-0.17,,-0.1796875,
WET_W_2_EX_H1,WET_W_2_H1,WET_W,WET_W_2,WET_W_4,Handajega,WET,W,2,4,EX,H1,953,-2.278300,34.024459,2/16/2017,3/20/2017,32,145.67,145.6718075,The.tri,2.3,2.1,20,40,2.30,2.60,5.00,20.00,,,,2.47,5.28,7.75,0.021701389,0.053819444,-0.42,-0.01,-0.400173611,0.039930556
WET_W_2_OP_H1,WET_W_2_H1,WET_W,WET_W_2,WET_W_4,Handajega,WET,W,2,4,OP,H1,953,-2.278300,34.024459,2/16/2017,3/20/2017,32,145.67,291.3436151,The.tri,2.5,0.6,12,40,1.50,0.60,7.00,24.00,2.22,10.14,12.36,1.85,5.44,7.29,-0.032118056,,-0.41,,-0.440104167,
WET_W_3_EX_H1,WET_W_3_H1,WET_W,WET_W_3,WET_W_1,Handajega,WET,W,3,1,EX,H1,951,-2.277999,34.027678,2/16/2017,3/21/2017,33,152.53,152.5287964,The.tri,3.5,2.4,25,55,2.50,4.10,20.00,50.00,,,,8.18,6.52,14.7,-0.036195286,-0.230639731,-0.64,-0.53,-0.679292929,-0.761784512
WET_W_3_OP_H1,WET_W_3_H1,WET_W,WET_W_3,WET_W_1,Handajega,WET,W,3,1,OP,H1,951,-2.277999,34.027678,2/16/2017,3/21/2017,33,152.53,305.0575929,The.tri,2.5,2.6,20,45,0.70,4.50,15.00,40.00,8.61,14.16,22.77,10.92,12.83,23.75,0.194444444,,-0.11,,0.082491582,
WET_W_4_EX_H1,WET_W_4_H1,WET_W,WET_W_4,WET_W_2,Handajega,WET,W,4,2,EX,H1,950,-2.278837,34.031884,2/16/2017,3/21/2017,33,152.53,152.5287964,The.tri,1.5,0.9,15,70,1.80,2.70,5.00,35.00,,,,2.91,10.26,13.17,,-0.222222222,-1.60,0.49,-1.354377104,0.266835017
WET_W_4_OP_H1,WET_W_4_H1,WET_W,WET_W_4,WET_W_2,Handajega,WET,W,4,2,OP,H1,950,-2.278837,34.031884,2/16/2017,3/21/2017,33,152.53,305.0575929,The.tri,2.5,1.8,25,65,1.80,2.20,18.00,30.00,,29.26,29.26,5.55,4.45,10,,,,,-1.621212121,
WET_P_1_EX_H1,WET_P_1_H1,WET_P,WET_P_1,WET_P_1,Mwantimba,WET,P,1,1,EX,H1,957,-2.350052,34.049976,2/17/2017,3/22/2017,33,161.60,161.5982631,Chr.ori,0.5,0.4,1,7,1.80,0.90,6.00,25.00,,,,1.91,13.25,15.16,-0.042929293,-0.570707071,1.04,0.86,1,0.292087542
WET_P_1_OP_H1,WET_P_1_H1,WET_P,WET_P_1,WET_P_1,Mwantimba,WET,P,1,1,OP,H1,957,-2.350052,34.049976,2/17/2017,3/22/2017,33,161.60,323.1965263,Chr.ori,1.0,1.0,10,15,1.50,0.80,10.00,18.00,2.42,0.86,3.28,8.69,3.00,11.69,0.527777778,,0.18,,0.707912458,
WET_P_2_EX_H1,WET_P_2_H1,WET_P,WET_P_2,WET_P_2,Mwantimba,WET,P,2,2,EX,H1,959,-2.348488,34.050110,2/17/2017,3/22/2017,33,161.60,161.5982631,Chr.ori,0.5,0.6,,15,1.60,3.00,0.00,40.00,,,,0.00,13.46,13.46,-0.058080808,-0.012626263,0.92,0.69,0.862794613,0.677609428
WET_P_2_OP_H1,WET_P_2_H1,WET_P,WET_P_2,WET_P_2,Mwantimba,WET,P,2,2,OP,H1,959,-2.348488,34.050110,2/17/2017,3/22/2017,33,161.60,323.1965263,Chr.ori,1.0,0.2,,7,1.00,2.60,3.00,20.00,0.69,2.52,3.21,0.15,5.26,5.41,-0.045454545,,0.23,,0.185185185,
WET_P_3_EX_H1,WET_P_3_H1,WET_P,WET_P_3,WET_P_4,Mwantimba,WET,P,3,4,EX,H1,1022,-2.367293,34.062509,2/17/2017,3/22/2017,33,161.60,161.5982631,Chr.ori,1.0,1.5,,,3.20,2.60,5.00,70.00,,,,5.16,31.55,36.71,,0.352693603,2.24,0.90,2.672558923,1.256734007
WET_P_3_OP_H1,WET_P_3_H1,WET_P,WET_P_3,WET_P_4,Mwantimba,WET,P,3,4,OP,H1,1022,-2.367293,34.062509,2/17/2017,3/22/2017,33,161.60,323.1965263,Chr.ori,1.0,0.9,,,1.60,0.80,2.00,55.00,,4.96,4.96,0.97,20.81,21.78,,,,,1.415824916,
WET_P_4_EX_H1,WET_P_4_H1,WET_P,WET_P_4,WET_P_3,Mwantimba,WET,P,4,3,EX,H1,1020,-2.368570,34.062586,2/23/2017,3/22/2017,27,119.69,119.6903966,Chr.ori,,0.7,9,20,1.50,0.70,0.00,60.00,,,,0.00,26.71,26.71,-0.169753086,0,2.46,0.91,2.294238683,0.91255144
WET_P_4_OP_H1,WET_P_4_H1,WET_P,WET_P_4,WET_P_3,Mwantimba,WET,P,4,3,OP,H1,1020,-2.368570,34.062586,2/23/2017,3/22/2017,27,119.69,239.3807932,Chr.ori,,0.4,8,15,0.50,1.50,0.00,40.00,1.65,2.76,4.41,0.00,17.84,17.84,-0.169753086,,1.55,,1.381687243,
DRY_W_1_EX_H1,DRY_W_1_H1,DRY_W,DRY_W_1,DRY_W_3,Maswa,DRY,W,1,3,EX,H1,995,-3.299332,34.848458,2/19/2017,3/24/2017,33,165.31,165.312109,Cyn.dac,,1.8,10,20,3.50,6.80,12.00,55.00,,,,14.67,41.78,56.45,0.204545455,0.606902357,3.35,1.77,3.554713805,2.375420875
DRY_W_1_EX2_H1,DRY_W_1_H1,DRY_W,DRY_W_1,DRY_W_3,Maswa,DRY,W,1,3,EX2,H1,995,-3.299332,34.848458,2/19/2017,3/25/2017,34,167.02,497.6428413,Cyn.dac,,1.2,10,30,2.80,13.40,28.00,78.00,,,,24.35,56.73,81.08,0.989379085,1.379901961,4.47,2.94,5.462418301,4.317810458
DRY_W_1_OP_H1,DRY_W_1_H1,DRY_W,DRY_W_1,DRY_W_3,Maswa,DRY,W,1,3,OP,H1,995,-3.299332,34.848458,2/19/2017,3/24/2017,33,165.31,330.624218,Cyn.dac,,0.4,18,35,2.00,1.70,8.00,28.00,12.24,1.98,14.22,7.46,20.77,28.23,-0.402356902,,1.58,,1.179292929,
DRY_W_2_EX_H1,DRY_W_2_H1,DRY_W,DRY_W_2,DRY_W_4,Maswa,DRY,W,2,4,EX,H1,980,-3.303268,34.847796,2/19/2017,3/24/2017,33,165.31,165.312109,Cyn.dac,,0.4,15,45,0.50,1.70,4.00,40.00,,,,3.03,34.02,37.05,-0.080808081,0.079124579,2.25,-0.36,2.171717172,-0.282828283
DRY_W_2_EX2_H1,DRY_W_2_H1,DRY_W,DRY_W_2,DRY_W_4,Maswa,DRY,W,2,4,EX2,H1,980,-3.303268,34.847796,2/19/2017,3/25/2017,34,167.02,497.6428413,Cyn.dac,,0.7,15,50,3.00,24.60,10.00,80.00,,,,9.42,80.87,90.29,0.443627451,0.598856209,6.01,3.48,6.45751634,4.075163399
DRY_W_2_OP_H1,DRY_W_2_H1,DRY_W,DRY_W_2,DRY_W_4,Maswa,DRY,W,2,4,OP,H1,980,-3.303268,34.847796,2/19/2017,3/24/2017,33,165.31,330.624218,Cyn.dac,,1.1,7,60,1.50,2.80,6.00,45.00,3.99,7.26,11.25,2.09,38.32,40.41,-0.15993266,,2.61,,2.454545455,
DRY_W_3_EX_H1,DRY_W_3_H1,DRY_W,DRY_W_3,DRY_W_1,Maswa,DRY,W,3,1,EX,H1,998,-3.295645,34.852435,2/20/2017,3/24/2017,32,164.63,164.6329572,Cyn.dac,,0.6,10,25,1.50,4.80,20.00,53.00,,,,8.26,30.12,38.38,0.506944444,0.086805556,1.66,1.06,2.162326389,1.146701389
DRY_W_3_EX2_H1,DRY_W_3_H1,DRY_W,DRY_W_3,DRY_W_1,Maswa,DRY,W,3,1,EX2,H1,998,-3.295645,34.852435,2/20/2017,3/25/2017,33,166.34,495.605386,Cyn.dac,,0.2,10,40,2.00,12.00,25.00,70.00,,,,17.64,56.39,74.03,1.281144781,0.873737374,3.82,3.24,5.097643098,4.112794613
DRY_W_3_OP_H1,DRY_W_3_H1,DRY_W,DRY_W_3,DRY_W_1,Maswa,DRY,W,3,1,OP,H1,998,-3.295645,34.852435,2/20/2017,3/24/2017,32,164.63,329.2659145,Cyn.dac,,0.3,20,45,1.30,3.30,20.00,60.00,2.42,11.05,13.47,7.26,17.91,25.17,0.420138889,,0.60,,1.015625,
DRY_W_4_EX_H1,DRY_W_4_H1,DRY_W,DRY_W_4,DRY_W_2,Maswa,DRY,W,4,2,EX,H1,1000,-3.296013,34.854327,2/20/2017,3/25/2017,33,170.33,170.3338514,Cyn.dac,,0.2,8,30,1.60,3.90,10.00,50.00,,,,3.59,49.69,53.28,0.178451178,-0.404040404,3.06,2.68,3.236531987,2.278619529
DRY_W_4_EX2_H1,DRY_W_4_H1,DRY_W,DRY_W_4,DRY_W_2,Maswa,DRY,W,4,2,EX2,H1,1000,-3.296013,34.854327,2/20/2017,3/25/2017,33,170.33,340.6677029,Cyn.dac,,0.3,12,25,3.50,3.30,15.00,50.00,,,,49.76,46.73,96.49,4.064814815,3.482323232,2.81,2.43,6.873737374,5.915824916
DRY_W_4_OP_H1,DRY_W_4_H1,DRY_W,DRY_W_4,DRY_W_2,Maswa,DRY,W,4,2,OP,H1,1000,-3.296013,34.854327,2/20/2017,3/25/2017,33,170.33,511.0015543,Cyn.dac,,0.5,8,45,4.00,14.00,9.00,60.00,1.47,13.36,14.83,8.39,17.82,26.21,0.582491582,,0.38,,0.957912458,
DRY_P_1_EX_H1,DRY_P_1_H1,DRY_P,DRY_P_1,DRY_P_2,Makao,DRY,P,1,2,EX,H1,1009,-3.303212,34.847736,2/21/2017,3/26/2017,33,156.81,156.8064416,Chl.pyc,1.3,1.4,5,55,7.50,18.60,3.00,95.00,,,,3.06,106.62,109.68,0.086700337,-0.419191919,7.99,5.01,8.074074074,4.592592593
DRY_P_1_OP_H1,DRY_P_1_H1,DRY_P,DRY_P_1,DRY_P_2,Makao,DRY,P,1,2,OP,H1,1009,-3.303212,34.847736,2/21/2017,3/26/2017,33,156.81,313.6128831,Chl.pyc,1.4,1.3,8,50,2.00,4.00,8.00,70.00,2.03,11.73,13.76,8.04,47.08,55.12,0.505892256,,2.98,,3.481481481,
DRY_P_2_EX_H1,DRY_P_2_H1,DRY_P,DRY_P_2,DRY_P_3,Makao,DRY,P,2,3,EX,H1,1006,-3.408426,34.850244,2/21/2017,3/26/2017,33,156.81,156.8064416,Chl.pyc,1.0,0.2,24,45,3.00,10.00,20.00,47.00,,,,20.78,33.33,54.11,1.252525253,1.485690236,2.45,-0.49,3.702861953,0.990740741
DRY_P_2_OP_H1,DRY_P_2_H1,DRY_P,DRY_P_2,DRY_P_3,Makao,DRY,P,2,3,OP,H1,1006,-3.408426,34.850244,2/21/2017,3/26/2017,33,156.81,313.6128831,Chl.pyc,0.8,1.1,3,30,1.00,0.90,9.00,55.00,5.9,4.22,10.12,3.13,39.21,42.34,-0.233164983,,2.95,,2.712121212,
DRY_P_3_EX_H1,DRY_P_3_H1,DRY_P,DRY_P_3,DRY_P_1,Makao,DRY,P,3,1,EX,H1,1001,-3.406316,34.850407,2/20/2017,3/26/2017,34,176.82,176.8158372,Chl.pyc,1.7,1.5,4,55,,,,,,,,,,,,,,,,
DRY_P_3_OP_H1,DRY_P_3_H1,DRY_P,DRY_P_3,DRY_P_1,Makao,DRY,P,3,1,OP,H1,1001,-3.406316,34.850407,2/20/2017,3/26/2017,34,176.82,353.6316743,Chl.pyc,1.2,1.2,2,50,2.00,2.40,7.00,60.00,0.79,11.00,11.79,1.61,51.76,53.37,0.066993464,,3.33,,3.397058824,
DRY_P_4_EX_H1,DRY_P_4_H1,DRY_P,DRY_P_4,,Makao,DRY,P,4,,EX,H1,1003,-3.406853,34.851600,2/20/2017,3/26/2017,34,176.82,176.8158372,Chl.pyc,1.5,1.9,10,45,4.00,8.20,10.00,55.00,,,,9.01,47.20,56.21,0.641339869,0.569444444,2.90,1.00,3.544934641,1.572712418
DRY_P_4_OP_H1,DRY_P_4_H1,DRY_P,DRY_P_4,,Makao,DRY,P,4,,OP,H1,1003,-3.406853,34.851600,2/20/2017,3/26/2017,34,176.82,353.6316743,Chl.pyc,1.5,3.5,5,45,2.30,5.60,4.00,50.00,1.16,11.66,12.82,2.04,34.92,36.96,0.071895425,,1.90,,1.972222222,
SE_1_EX_H1,SE_1_H1,SE,SE_1,,Seronera,SE,W,1,,EX,H1,1023,-2.437747,34.855162,2/26/2017,3/18/2017,20,84.86,84.86457834,Dig.mac,,0.9,4,45,4.00,7.30,6.00,65.00,,,,5.02,36.34,41.36,,-0.652777778,3.33,0.30,4.029166667,-0.356944444
SE_1_EX2_H1,SE_1_H1,SE,SE_1,,Seronera,SE,W,1,,EX2,H1,1023,-2.437747,34.855162,2/25/2017,3/18/2017,21,86.14,171.0043041,Dig.mac,,1.0,2,45,3.90,8.30,3.00,60.00,,,,3.18,47.03,50.21,,-0.865079365,4.59,1.70,5.007936508,0.830687831
SE_1_OP_H1,SE_1_H1,SE,SE_1,,Seronera,SE,W,1,,OP,H1,1023,-2.437747,34.855162,2/25/2017,3/18/2017,21,86.14,257.1440299,Dig.mac,,2.6,2,45,4.30,10.30,10.00,55.00,,12.35,12.35,9.72,34.21,43.93,,,,,4.177248677,
SE_2_EX_H1,SE_2_H1,SE,SE_2,,Seronera,SE,W,2,,EX,H1,1025,-2.437766,34.855394,2/26/2017,3/18/2017,20,84.86,84.86457834,Dig.mac,,1.8,3,35,3.90,7.40,5.00,70.00,,,,4.68,36.83,41.51,,-0.391666667,3.94,1.50,4.5875,1.109722222
SE_2_EX2_H1,SE_2_H1,SE,SE_2,,Seronera,SE,W,2,,EX2,H1,1025,-2.437766,34.855394,2/25/2017,3/18/2017,21,86.14,171.0043041,Dig.mac,,2.1,12,30,3.40,5.40,18.00,45.00,,,,7.25,16.19,23.44,,-0.033068783,1.02,-1.30,1.978835979,-1.333333333
SE_2_OP_H1,SE_2_H1,SE,SE_2,,Seronera,SE,W,2,,OP,H1,1025,-2.437766,34.855394,2/25/2017,3/18/2017,21,86.14,257.1440299,Dig.mac,,3.3,8,35,3.40,4.40,10.00,40.00,,8.48,8.48,7.50,26.02,33.52,,,,,3.312169312,
SE_3_EX_H1,SE_3_H1,SE,SE_3,,Seronera,SE,W,3,,EX,H1,1027,-2.437991,34.855418,2/26/2017,3/18/2017,20,84.86,84.86457834,Dig.mac,,2.4,5,50,5.00,8.30,7.00,70.00,,,,16.94,46.21,63.15,,1.476388889,5.06,1.84,7.408333333,3.315277778
SE_3_EX2_H1,SE_3_H1,SE,SE_3,,Seronera,SE,W,3,,EX2,H1,1027,-2.437991,34.855418,2/25/2017,3/18/2017,21,86.14,171.0043041,Dig.mac,,1.4,5,45,5.00,3.30,15.00,65.00,,,,9.12,30.96,40.08,,0.371693122,2.80,-0.27,4.003968254,0.105820106
SE_3_OP_H1,SE_3_H1,SE,SE_3,,Seronera,SE,W,3,,OP,H1,1027,-2.437991,34.855418,2/25/2017,3/18/2017,21,86.14,257.1440299,Dig.mac,,1.3,10,40,4.10,6.00,6.00,50.00,,9.81,9.81,6.31,32.97,39.28,,,,,3.898148148,
SE_4_EX_H1,SE_4_H1,SE,SE_4,,Seronera,SE,W,4,,EX,H1,1026,-2.438079,34.854989,2/26/2017,3/18/2017,20,84.86,84.86457834,Dig.mac,,3.9,6,35,5.60,8.80,8.00,65.00,,,,9.73,42.17,51.9,,0.090277778,4.45,2.05,5.805555556,2.140277778
SE_4_EX2_H1,SE_4_H1,SE,SE_4,,Seronera,SE,W,4,,EX2,H1,1026,-2.438079,34.854989,2/25/2017,3/18/2017,21,86.14,171.0043041,Dig.mac,,2.7,15,35,5.40,12.50,25.00,55.00,,,,26.28,34.41,60.69,,2.275132275,3.22,0.93,6.691798942,3.201058201
SE_4_OP_H1,SE_4_H1,SE,SE_4,,Seronera,SE,W,4,,OP,H1,1026,-2.438079,34.854989,2/25/2017,3/18/2017,21,86.14,257.1440299,Dig.mac,,4.1,6,40,4.70,7.10,10.00,45.00,,10.10,10.1,9.08,27.41,36.49,,,,,3.490740741,
WET_W_1_EX_H2,WET_W_1_H2,WET_W,WET_W_1,WET_W_3,Handajega,WET,W,1,3,EX,H2,954,-2.272484,34.023326,3/20/2017,5/13/2017,54,217.80,509.1480747,The.tri,1.5,2.7,7,45,3.50,17.00,5.00,40.00,1.28,16.10,17.38,2.22,23.49,25.71,0.024691358,0.04063786,0.59,-0.61,0.616255144,-0.565329218
WET_W_1_OP_H2,WET_W_1_H2,WET_W,WET_W_1,WET_W_3,Handajega,WET,W,1,3,OP,H2,954,-2.272484,34.023326,3/20/2017,5/13/2017,54,217.80,726.9525343,The.tri,1.5,5.5,5,45,5.20,10.20,5.00,30.00,1.74,11.99,13.73,1.43,35.27,36.7,-0.015946502,,1.20,,1.181584362,
WET_W_2_EX_H2,WET_W_2_H2,WET_W,WET_W_2,WET_W_4,Handajega,WET,W,2,4,EX,H2,953,-2.278300,34.024459,3/20/2017,5/13/2017,54,217.80,509.1480747,The.tri,1.5,1.4,8,35,5.00,24.60,20.00,55.00,2.47,5.28,7.75,14.86,37.83,52.69,0.669238683,0.764403292,1.67,1.28,2.335390947,2.043209877
WET_W_2_OP_H2,WET_W_2_H2,WET_W,WET_W_2,WET_W_4,Handajega,WET,W,2,4,OP,H2,953,-2.278300,34.024459,3/20/2017,5/13/2017,54,217.80,726.9525343,The.tri,0.8,3.7,15,35,3.00,9.60,15.00,50.00,1.85,5.44,7.29,,12.97,12.97,,,0.39,,0.29218107,
WET_W_3_EX_H2,WET_W_3_H2,WET_W,WET_W_3,WET_W_1,Handajega,WET,W,3,1,EX,H2,951,-2.277999,34.027678,3/21/2017,5/13/2017,53,213.79,518.8508492,The.tri,2.8,1.4,15,35,3.50,31.60,40.00,65.00,8.18,6.52,14.7,63.96,17.08,81.04,2.779874214,3.352201258,0.22,-0.01,3.002620545,3.342767296
WET_W_3_OP_H2,WET_W_3_H2,WET_W,WET_W_3,WET_W_1,Handajega,WET,W,3,1,OP,H2,951,-2.277999,34.027678,3/21/2017,5/13/2017,53,213.79,732.6441055,The.tri,2.7,1.5,33,40,3.20,13.20,20.00,55.00,10.92,12.83,23.75,,17.26,17.26,,,0.23,,-0.340146751,
WET_W_4_EX_H2,WET_W_4_H2,WET_W,WET_W_4,WET_W_2,Handajega,WET,W,4,2,EX,H2,950,-2.278837,34.031884,3/21/2017,5/13/2017,53,213.79,518.8508492,The.tri,1.0,3.3,25,40,3.50,20.60,15.00,50.00,2.91,10.26,13.17,9.28,24.44,33.72,0.195492662,0.113731656,1.05,0.32,1.243186583,0.431341719
WET_W_4_OP_H2,WET_W_4_H2,WET_W,WET_W_4,WET_W_2,Handajega,WET,W,4,2,OP,H2,950,-2.278837,34.031884,3/21/2017,5/13/2017,53,213.79,732.6441055,The.tri,0.7,1.4,18,35,2.00,6.00,10.00,30.00,5.55,4.45,10,7.11,18.38,25.49,0.081761006,,0.73,,0.811844864,
WET_P_1_EX_H2,WET_P_1_H2,WET_P,WET_P_1,WET_P_1,Mwantimba,WET,P,1,1,EX,H2,957,-2.350052,34.049976,3/22/2017,5/14/2017,53,222.92,546.1206371,Chr.ori,1.0,0.3,12,15,3.00,14.20,55.00,92.00,1.91,13.25,15.16,24.25,33.89,58.14,0.815513627,0.412997904,1.62,1.09,2.434486373,1.499475891
WET_P_1_OP_H2,WET_P_1_H2,WET_P,WET_P_1,WET_P_1,Mwantimba,WET,P,1,1,OP,H2,957,-2.350052,34.049976,3/22/2017,5/14/2017,53,222.92,769.044748,Chr.ori,1.2,0.6,8,12,1.00,9.60,45.00,60.00,8.69,3.00,11.69,16.37,13.16,29.53,0.402515723,,0.53,,0.935010482,
WET_P_2_EX_H2,WET_P_2_H2,WET_P,WET_P_2,WET_P_2,Mwantimba,WET,P,2,2,EX,H2,959,-2.348488,34.050110,3/22/2017,5/14/2017,53,222.92,546.1206371,Chr.ori,1.5,1.6,12,50,5.50,16.80,20.00,80.00,0.00,13.46,13.46,24.42,36.79,61.21,1.272012579,0.670859539,1.65,1.01,2.924528302,1.681865828
WET_P_2_OP_H2,WET_P_2_H2,WET_P,WET_P_2,WET_P_2,Mwantimba,WET,P,2,2,OP,H2,959,-2.348488,34.050110,3/22/2017,5/14/2017,53,222.92,769.044748,Chr.ori,1.6,2.0,7,40,2.20,5.20,30.00,65.00,0.15,5.26,5.41,11.62,17.50,29.12,0.60115304,,0.64,,1.242662474,
WET_P_3_EX_H2,WET_P_3_H2,WET_P,WET_P_3,WET_P_4,Mwantimba,WET,P,3,4,EX,H2,1022,-2.367293,34.062509,3/22/2017,5/14/2017,53,222.92,546.1206371,Chr.ori,1.5,3.8,7,60,12.00,51.40,5.00,95.00,5.16,31.55,36.71,4.80,99.42,104.22,0.200733753,0.193396226,4.12,0.58,4.320754717,0.772536688
WET_P_3_OP_H2,WET_P_3_H2,WET_P,WET_P_3,WET_P_4,Mwantimba,WET,P,3,4,OP,H2,1022,-2.367293,34.062509,3/22/2017,5/14/2017,53,222.92,769.044748,Chr.ori,1.8,0.7,8,45,4.00,28.60,3.00,95.00,0.97,20.81,21.78,1.11,88.37,89.48,0.007337526,,3.54,,3.548218029,
WET_P_4_EX_H2,WET_P_4_H2,WET_P,WET_P_4,WET_P_3,Mwantimba,WET,P,4,3,EX,H2,1020,-2.368570,34.062586,3/22/2017,5/14/2017,53,222.92,462.304904,Chr.ori,1.8,0.4,18,35,5.20,28.60,25.00,85.00,0.00,26.71,26.71,9.22,68.18,77.4,0.483228512,-0.447589099,2.64,0.94,3.121593291,0.493710692
WET_P_4_OP_H2,WET_P_4_H2,WET_P,WET_P_4,WET_P_3,Mwantimba,WET,P,4,3,OP,H2,1020,-2.368570,34.062586,3/22/2017,5/14/2017,53,222.92,685.2290149,Chr.ori,1.7,2.1,55,70,2.50,17.60,25.00,95.00,0.00,17.84,17.84,17.76,50.22,67.98,0.93081761,,1.70,,2.6278826,
DRY_W_1_EX_H2,DRY_W_1_H2,DRY_W,DRY_W_1,DRY_W_3,Maswa,DRY,W,1,3,EX,H2,995,-3.299332,34.848458,3/24/2017,5/11/2017,48,115.33,612.977094,Cyn.dac,2.0,6.8,13,30,,,,,14.67,41.78,56.45,,,,,,,,,
DRY_W_1_EX2_H2,DRY_W_1_H2,DRY_W,DRY_W_1,DRY_W_3,Maswa,DRY,W,1,3,EX2,H2,995,-3.299332,34.848458,3/25/2017,5/11/2017,47,115.33,728.3113467,Cyn.dac,2.3,19.5,13,35,2.50,13.00,15.00,60.00,24.35,56.73,81.08,8.04,38.37,46.41,0.03427896,0.125295508,1.04,1.17,1.074468085,1.291371158
DRY_W_1_OP_H2,DRY_W_1_H2,DRY_W,DRY_W_1,DRY_W_3,Maswa,DRY,W,1,3,OP,H2,995,-3.299332,34.848458,3/24/2017,5/11/2017,48,115.33,843.6455994,Cyn.dac,1.5,3.6,8,38,1.70,3.30,10.00,30.00,7.46,20.77,28.23,5.92,18.64,24.56,-0.08912037,,-0.12,,-0.212384259,
DRY_W_2_EX_H2,DRY_W_2_H2,DRY_W,DRY_W_2,DRY_W_4,Maswa,DRY,W,2,4,EX,H2,980,-3.303268,34.847796,3/24/2017,5/11/2017,48,115.33,612.977094,Cyn.dac,0.5,1.5,4,35,1.50,6.80,10.00,40.00,3.03,34.02,37.05,4.07,39.53,43.6,0.114583333,-0.077546296,0.07,1.66,0.184606481,1.583333333
DRY_W_2_EX2_H2,DRY_W_2_H2,DRY_W,DRY_W_2,DRY_W_4,Maswa,DRY,W,2,4,EX2,H2,980,-3.303268,34.847796,3/25/2017,5/11/2017,47,115.33,728.3113467,Cyn.dac,2.5,6.4,15,40,2.00,9.60,40.00,60.00,9.42,80.87,90.29,24.86,21.43,46.29,1.345744681,1.149527187,-1.00,0.63,0.34751773,1.776004728
DRY_W_2_OP_H2,DRY_W_2_H2,DRY_W,DRY_W_2,DRY_W_4,Maswa,DRY,W,2,4,OP,H2,980,-3.303268,34.847796,3/24/2017,5/11/2017,48,115.33,843.6455994,Cyn.dac,1.7,3.5,10,30,1.70,3.20,15.00,25.00,2.09,38.32,40.41,5.41,10.83,16.24,0.19212963,,-1.59,,-1.398726852,
DRY_W_3_EX_H2,DRY_W_3_H2,DRY_W,DRY_W_3,DRY_W_1,Maswa,DRY,W,3,1,EX,H2,998,-3.295645,34.852435,3/24/2017,5/11/2017,48,115.33,610.9396387,Cyn.dac,1.2,4.1,6,50,,,,,8.26,30.12,38.38,,,,,,,,,
DRY_W_3_EX2_H2,DRY_W_3_H2,DRY_W,DRY_W_3,DRY_W_1,Maswa,DRY,W,3,1,EX2,H2,998,-3.295645,34.852435,3/25/2017,5/11/2017,47,115.33,726.2738914,Cyn.dac,1.5,4.3,6,31,,,,,17.64,56.39,74.03,,,,,,,,,
DRY_W_3_OP_H2,DRY_W_3_H2,DRY_W,DRY_W_3,DRY_W_1,Maswa,DRY,W,3,1,OP,H2,998,-3.295645,34.852435,3/24/2017,5/11/2017,48,115.33,841.6081441,Cyn.dac,1.5,14.8,15,62,,,,,7.26,17.91,25.17,0.00,0.00,0,-0.420138889,,-1.04,,-1.456597222,
DRY_W_4_EX_H2,DRY_W_4_H2,DRY_W,DRY_W_4,DRY_W_2,Maswa,DRY,W,4,2,EX,H2,1000,-3.296013,34.854327,3/25/2017,5/11/2017,47,132.71,643.7125121,Cyn.dac,1.0,2.3,6,35,2.00,3.60,18.00,25.00,3.59,49.69,53.28,14.46,11.35,25.81,0.358747045,0.554964539,-0.38,0.04,-0.023640662,0.591607565
DRY_W_4_EX2_H2,DRY_W_4_H2,DRY_W,DRY_W_4,DRY_W_2,Maswa,DRY,W,4,2,EX2,H2,1000,-3.296013,34.854327,3/25/2017,5/11/2017,47,132.71,776.4234698,Cyn.dac,1.8,3.2,7,35,,,20.00,45.00,49.76,46.73,96.49,0.00,0.00,,,,,,,
DRY_W_4_OP_H2,DRY_W_4_H2,DRY_W,DRY_W_4,DRY_W_2,Maswa,DRY,W,4,2,OP,H2,1000,-3.296013,34.854327,3/25/2017,5/11/2017,47,132.71,909.1344275,Cyn.dac,1.5,,8,55,1.50,1.20,10.00,25.00,8.39,17.82,26.21,5.07,10.73,15.8,-0.196217494,,-0.42,,-0.615248227,
DRY_P_1_EX_H2,DRY_P_1_H2,DRY_P,DRY_P_1,DRY_P_2,Makao,DRY,P,1,2,EX,H2,1009,-3.303212,34.847736,3/26/2017,5/9/2017,44,90.82,404.4296025,Chl.pyc,4.0,7.1,11,60,4.00,15.60,25.00,85.00,3.06,106.62,109.68,24.77,48.16,72.93,1.056186869,0.092171717,0.07,2.51,1.124368687,2.603535354
DRY_P_1_OP_H2,DRY_P_1_H2,DRY_P,DRY_P_1,DRY_P_2,Makao,DRY,P,1,2,OP,H2,1009,-3.303212,34.847736,3/26/2017,5/9/2017,44,90.82,495.2463218,Chl.pyc,1.8,7.9,30,70,1.50,8.80,65.00,75.00,8.04,47.08,55.12,23.31,8.38,31.69,0.964015152,,-2.44,,-1.479166667,
DRY_P_2_EX_H2,DRY_P_2_H2,DRY_P,DRY_P_2,DRY_P_3,Makao,DRY,P,2,3,EX,H2,1006,-3.408426,34.850244,3/26/2017,5/9/2017,44,90.82,404.4296025,Chl.pyc,1.1,1.1,15,28,1.50,11.20,25.00,55.00,20.78,33.33,54.11,14.68,14.99,29.67,0.729166667,0.852272727,-1.53,-0.02,-0.799873737,0.829545455
DRY_P_2_OP_H2,DRY_P_2_H2,DRY_P,DRY_P_2,DRY_P_3,Makao,DRY,P,2,3,OP,H2,1006,-3.408426,34.850244,3/26/2017,5/9/2017,44,90.82,495.2463218,Chl.pyc,1.5,2.6,10,40,1.50,6.60,15.00,35.00,3.13,39.21,42.34,1.18,15.35,16.53,-0.123106061,,-1.51,,-1.629419192,
DRY_P_3_EX_H2,DRY_P_3_H2,DRY_P,DRY_P_3,DRY_P_1,Makao,DRY,P,3,1,EX,H2,1001,-3.406316,34.850407,3/26/2017,5/9/2017,44,90.82,444.4483937,Chl.pyc,1.8,2.2,25,35,2.00,14.20,40.00,55.00,,0.00,,13.47,14.20,27.67,0.748737374,0.382575758,-2.37,-1.15,-1.622474747,-0.764520202
DRY_P_3_OP_H2,DRY_P_3_H2,DRY_P,DRY_P_3,DRY_P_1,Makao,DRY,P,3,1,OP,H2,1001,-3.406316,34.850407,3/26/2017,5/9/2017,44,90.82,535.265113,Chl.pyc,1.2,3.5,15,50,2.50,14.10,15.00,70.00,1.61,51.76,53.37,7.41,32.37,39.78,0.366161616,,-1.22,,-0.857954545,
DRY_P_4_EX_H2,DRY_P_4_H2,DRY_P,DRY_P_4,,Makao,DRY,P,4,,EX,H2,1003,-3.406853,34.851600,3/26/2017,5/9/2017,44,90.82,444.4483937,Chl.pyc,1.3,4.5,7,35,1.00,6.10,10.00,40.00,9.01,47.20,56.21,5.69,21.03,26.72,0.230429293,-0.660984848,-0.88,-0.65,-0.646464646,-1.315025253
DRY_P_4_OP_H2,DRY_P_4_H2,DRY_P,DRY_P_4,,Makao,DRY,P,4,,OP,H2,1003,-3.406853,34.851600,3/26/2017,5/9/2017,44,90.82,535.265113,Chl.pyc,1.2,3.7,15,60,2.00,12.40,40.00,75.00,2.04,34.92,36.96,16.16,31.39,47.55,0.891414141,,-0.22,,0.668560606,
SE_1_EX_H2,SE_1_H2,SE,SE_1,,Seronera,SE,W,1,,EX,H2,1023,-2.437747,34.855162,3/18/2017,5/17/2017,60,136.42,393.5595194,Dig.mac,5.0,4.5,15,50,5.80,35.60,25.00,60.00,5.02,36.34,41.36,20.74,44.89,65.63,0.510185185,0.605092593,0.49,-0.65,1.00462963,-0.04212963
SE_1_EX2_H2,SE_1_H2,SE,SE_1,,Seronera,SE,W,1,,EX2,H2,1023,-2.437747,34.855162,3/18/2017,5/17/2017,60,136.42,529.9750088,Dig.mac,4.5,2.5,7,45,4.50,21.50,15.00,50.00,3.18,47.03,50.21,9.19,39.75,48.94,-0.024537037,0.07037037,0.26,-0.89,0.231944444,-0.814814815
SE_1_OP_H2,SE_1_H2,SE,SE_1,,Seronera,SE,W,1,,OP,H2,1023,-2.437747,34.855162,3/18/2017,5/17/2017,60,136.42,666.3904983,Dig.mac,5.1,10.9,8,55,4.70,20.40,15.00,75.00,9.72,34.21,43.93,7.67,58.87,66.54,-0.094907407,,1.14,,1.046759259,
SE_2_EX_H2,SE_2_H2,SE,SE_2,,Seronera,SE,W,2,,EX,H2,1025,-2.437766,34.855394,3/18/2017,5/17/2017,60,136.42,393.5595194,Dig.mac,5.4,,25,75,8.00,23.40,30.00,85.00,4.68,36.83,41.51,32.45,53.54,85.99,1.155092593,,1.27,2.01,2.429166667,3.511574074
SE_2_EX2_H2,SE_2_H2,SE,SE_2,,Seronera,SE,W,2,,EX2,H2,1025,-2.437766,34.855394,3/18/2017,5/17/2017,60,136.42,529.9750088,Dig.mac,4.5,8.9,10,65,5.60,32.00,10.00,55.00,7.25,16.19,23.44,5.81,56.07,61.88,-0.078240741,,1.39,2.13,1.312962963,2.39537037
SE_2_OP_H2,SE_2_H2,SE,SE_2,,Seronera,SE,W,2,,OP,H2,1025,-2.437766,34.855394,3/18/2017,5/17/2017,60,136.42,666.3904983,Dig.mac,3.0,6.5,7,55,2.20,11.80,8.00,25.00,7.50,26.02,33.52,,10.14,10.14,,,-0.74,,-1.082407407,
SE_3_EX_H2,SE_3_H2,SE,SE_3,,Seronera,SE,W,3,,EX,H2,1027,-2.437991,34.855418,3/18/2017,5/17/2017,60,136.42,393.5595194,Dig.mac,4.5,6.7,10,50,5.70,28.40,20.00,65.00,16.94,46.21,63.15,7.99,43.38,51.37,0.077777778,-0.627777778,0.48,0.48,0.559722222,-0.148148148
SE_3_EX2_H2,SE_3_H2,SE,SE_3,,Seronera,SE,W,3,,EX2,H2,1027,-2.437991,34.855418,3/18/2017,5/17/2017,60,136.42,529.9750088,Dig.mac,5.1,7.8,15,50,3.60,24.60,10.00,70.00,9.12,30.96,40.08,5.26,58.58,63.84,-0.048611111,-0.754166667,1.19,1.18,1.137037037,0.429166667
SE_3_OP_H2,SE_3_H2,SE,SE_3,,Seronera,SE,W,3,,OP,H2,1027,-2.437991,34.855418,3/18/2017,5/17/2017,60,136.42,666.3904983,Dig.mac,3.9,7.7,15,45,4.50,22.40,20.00,55.00,6.31,32.97,39.28,21.55,33.02,54.57,0.705555556,,0.00,,0.70787037,
SE_4_EX_H2,SE_4_H2,SE,SE_4,,Seronera,SE,W,4,,EX,H2,1026,-2.438079,34.854989,3/18/2017,5/17/2017,60,136.42,393.5595194,Dig.mac,4.0,10.1,6,50,5.50,24.40,20.00,60.00,9.73,42.17,51.9,8.14,53.85,61.99,-0.043518519,0.151388889,1.22,0.43,1.180555556,0.578703704
SE_4_EX2_H2,SE_4_H2,SE,SE_4,,Seronera,SE,W,4,,EX2,H2,1026,-2.438079,34.854989,3/18/2017,5/17/2017,60,136.42,529.9750088,Dig.mac,5.3,7.0,25,65,10.50,28.00,25.00,85.00,26.28,34.41,60.69,21.61,66.91,88.52,0.580092593,0.775,1.83,1.03,2.408796296,1.806944444
SE_4_OP_H2,SE_4_H2,SE,SE_4,,Seronera,SE,W,4,,OP,H2,1026,-2.438079,34.854989,3/18/2017,5/17/2017,60,136.42,666.3904983,Dig.mac,3.0,6.0,4,45,5.00,20.40,10.00,60.00,9.08,27.41,36.49,4.87,44.62,49.49,-0.194907407,,0.80,,0.601851852,
WET_W_1_EX_H3,WET_W_1_H3,WET_W,WET_W_1,WET_W_3,Handajega,WET,W,1,3,EX,H3,954,-2.272484,34.023326,5/13/2017,7/24/2017,72,95.97,822.9242184,The.tri,1.5,7.4,5,25,1.60,7.20,5.00,17.00,2.22,23.49,25.71,8.41,14.08,22.49,-0.227237654,0.201003086,-0.82,-0.08,-1.044753086,0.12191358
WET_W_1_OP_H3,WET_W_1_H3,WET_W,WET_W_1,WET_W_3,Handajega,WET,W,1,3,OP,H3,954,-2.272484,34.023326,5/13/2017,7/24/2017,72,95.97,918.8959025,The.tri,4.0,12.2,12,35,2.00,6.80,8.00,25.00,14.3,35.27,49.57,3.20,16.13,19.33,-0.428240741,,-0.74,,-1.166666667,
WET_W_2_EX_H3,WET_W_2_H3,WET_W,WET_W_2,WET_W_4,Handajega,WET,W,2,4,EX,H3,953,-2.278300,34.024459,5/13/2017,7/24/2017,72,95.97,822.9242184,The.tri,3.0,25.4,40,70,2.00,4.20,10.00,27.00,14.86,37.83,52.69,7.67,23.28,30.95,,0.13117284,0.40,0.43,0.69367284,0.55941358
WET_W_2_OP_H3,WET_W_2_H3,WET_W,WET_W_2,WET_W_4,Handajega,WET,W,2,4,OP,H3,953,-2.278300,34.024459,5/13/2017,7/24/2017,72,95.97,918.8959025,The.tri,2.5,13.2,25,55,1.50,10.20,8.00,25.00,,12.97,12.97,4.27,12.18,16.45,,,-0.03,,0.134259259,
WET_W_3_EX_H3,WET_W_3_H3,WET_W,WET_W_3,WET_W_1,Handajega,WET,W,3,1,EX,H3,951,-2.277999,34.027678,5/13/2017,7/24/2017,72,95.97,828.6157896,The.tri,2.2,21.0,25,60,3.00,21.00,35.00,65.00,63.96,17.08,81.04,21.13,20.08,41.21,,0.493055556,0.11,0.37,0.923996914,0.859567901
WET_W_3_OP_H3,WET_W_3_H3,WET_W,WET_W_3,WET_W_1,Handajega,WET,W,3,1,OP,H3,951,-2.277999,34.027678,5/13/2017,7/24/2017,72,95.97,924.5874737,The.tri,3.4,14.8,25,50,2.50,6.80,7.00,30.00,,17.26,17.26,8.35,10.58,18.93,,,-0.26,,0.064429012,
WET_W_4_EX_H3,WET_W_4_H3,WET_W,WET_W_4,WET_W_2,Handajega,WET,W,4,2,EX,H3,950,-2.278837,34.031884,5/13/2017,7/24/2017,72,95.97,828.6157896,The.tri,4.0,10.8,15,35,3.00,9.00,20.00,45.00,9.28,24.44,33.72,26.72,4.92,31.64,0.756558642,0.584104938,-0.52,-0.96,0.237268519,-0.37962963
WET_W_4_OP_H3,WET_W_4_H3,WET_W,WET_W_4,WET_W_2,Handajega,WET,W,4,2,OP,H3,950,-2.278837,34.031884,5/13/2017,7/24/2017,72,95.97,924.5874737,The.tri,3.2,22.2,20,55,2.00,2.60,13.00,27.00,7.11,18.38,25.49,11.58,29.90,41.48,0.172453704,,0.44,,0.616898148,
WET_P_1_EX_H3,WET_P_1_H3,WET_P,WET_P_1,WET_P_1,Mwantimba,WET,P,1,1,EX,H3,957,-2.350052,34.049976,5/14/2017,7/23/2017,70,71.70,840.7410479,Chr.ori,3.0,2.2,38,55,2.50,2.20,28.00,40.00,24.25,33.89,58.14,38.76,11.19,49.95,0.888492063,0.082142857,-0.08,0.40,0.81031746,0.477380952
WET_P_1_OP_H3,WET_P_1_H3,WET_P,WET_P_1,WET_P_1,Mwantimba,WET,P,1,1,OP,H3,957,-2.350052,34.049976,5/14/2017,7/23/2017,70,71.70,912.4373479,Chr.ori,1.0,2.2,70,85,1.00,1.40,30.00,35.00,16.37,13.16,29.53,36.69,1.23,37.92,0.806349206,,-0.47,,0.332936508,
WET_P_2_EX_H3,WET_P_2_H3,WET_P,WET_P_2,WET_P_2,Mwantimba,WET,P,2,2,EX,H3,959,-2.348488,34.050110,5/14/2017,7/23/2017,70,71.70,840.7410479,Chr.ori,2.0,4.4,40,60,2.20,8.80,25.00,37.00,24.42,36.79,61.21,30.58,10.29,40.87,0.752380952,0.114285714,-0.29,0.28,0.466269841,0.398809524
WET_P_2_OP_H3,WET_P_2_H3,WET_P,WET_P_2,WET_P_2,Mwantimba,WET,P,2,2,OP,H3,959,-2.348488,34.050110,5/14/2017,7/23/2017,70,71.70,912.4373479,Chr.ori,1.3,5.4,45,55,1.90,1.80,15.00,22.00,11.62,17.50,29.12,27.70,3.12,30.82,0.638095238,,-0.57,,0.067460317,
WET_P_3_EX_H3,WET_P_3_H3,WET_P,WET_P_3,WET_P_4,Mwantimba,WET,P,3,4,EX,H3,1022,-2.367293,34.062509,5/14/2017,7/23/2017,70,71.70,840.7410479,Chr.ori,3.0,17.0,30,95,2.80,24.00,45.00,70.00,4.8,99.42,104.22,40.77,20.14,60.91,1.573809524,0.938095238,-2.71,0.52,-1.133730159,1.453968254
WET_P_3_OP_H3,WET_P_3_H3,WET_P,WET_P_3,WET_P_4,Mwantimba,WET,P,3,4,OP,H3,1022,-2.367293,34.062509,5/14/2017,7/23/2017,70,71.70,912.4373479,Chr.ori,,25.0,40,95,2.00,4.00,40.00,55.00,1.11,88.37,89.48,17.13,7.14,24.27,0.635714286,,-3.22,,-2.587698413,
WET_P_4_EX_H3,WET_P_4_H3,WET_P,WET_P_4,WET_P_3,Mwantimba,WET,P,4,3,EX,H3,1020,-2.368570,34.062586,5/14/2017,7/23/2017,70,71.70,756.9253149,Chr.ori,4.8,16.8,25,75,4.50,13.80,15.00,50.00,9.22,68.18,77.4,16.68,38.95,55.63,-0.042857143,0.218650794,-0.45,0.55,-0.490079365,0.763888889
WET_P_4_OP_H3,WET_P_4_H3,WET_P,WET_P_4,WET_P_3,Mwantimba,WET,P,4,3,OP,H3,1020,-2.368570,34.062586,5/14/2017,7/23/2017,70,71.70,828.6216148,Chr.ori,2.0,9.6,25,70,1.70,10.20,18.00,45.00,17.76,50.22,67.98,11.17,25.21,36.38,-0.261507937,,-0.99,,-1.253968254,
DRY_W_1_EX_H3,DRY_W_1_H3,DRY_W,DRY_W_1,DRY_W_3,Maswa,DRY,W,1,3,EX,H3,995,-3.299332,34.848458,5/11/2017,7/21/2017,71,9.60,853.2455997,Cyn.dac,2.0,6.0,15,45,1.50,5.00,10.00,30.00,,,,5.85,9.00,14.85,-0.002738654,0.04342723,-1.15,0.10,-0.379890454,0.14084507
DRY_W_1_EX2_H3,DRY_W_1_H3,DRY_W,DRY_W_1,DRY_W_3,Maswa,DRY,W,1,3,EX2,H3,995,-3.299332,34.848458,5/11/2017,7/21/2017,71,9.60,862.8455999,Cyn.dac,2.3,4.0,20,45,2.00,2.40,13.00,35.00,8.04,38.37,46.41,6.88,21.95,28.83,0.037558685,0.08372457,0.13,0.60,0.167057903,0.687793427
DRY_W_1_OP_H3,DRY_W_1_H3,DRY_W,DRY_W_1,DRY_W_3,Maswa,DRY,W,1,3,OP,H3,995,-3.299332,34.848458,5/11/2017,7/21/2017,71,9.60,872.4456001,Cyn.dac,1.5,4.2,18,30,2.00,1.40,5.00,13.00,5.92,18.64,24.56,4.74,6.51,11.25,-0.046165884,,-0.47,,-0.520735524,
DRY_W_2_EX_H3,DRY_W_2_H3,DRY_W,DRY_W_2,DRY_W_4,Maswa,DRY,W,2,4,EX,H3,980,-3.303268,34.847796,5/11/2017,7/21/2017,71,9.60,853.2455997,Cyn.dac,3.5,2.6,10,35,2.50,4.40,5.00,20.00,4.07,39.53,43.6,4.67,8.81,13.48,-0.028951487,0.047339593,-0.08,0.14,-0.107981221,0.190923318
DRY_W_2_EX2_H3,DRY_W_2_H3,DRY_W,DRY_W_2,DRY_W_4,Maswa,DRY,W,2,4,EX2,H3,980,-3.303268,34.847796,5/11/2017,7/21/2017,71,9.60,862.8455999,Cyn.dac,1.5,2.4,10,40,2.00,5.60,7.00,25.00,24.86,21.43,46.29,3.60,14.01,17.61,-0.070813772,0.005477308,0.12,0.35,0.053599374,0.352503912
DRY_W_2_OP_H3,DRY_W_2_H3,DRY_W,DRY_W_2,DRY_W_4,Maswa,DRY,W,2,4,OP,H3,980,-3.303268,34.847796,5/11/2017,7/21/2017,71,9.60,872.4456001,Cyn.dac,1.5,3.6,15,25,,1.40,3.00,10.00,5.41,10.83,16.24,3.46,5.14,8.6,-0.07629108,,-0.22,,-0.298904538,
DRY_W_3_EX_H3,DRY_W_3_H3,DRY_W,DRY_W_3,DRY_W_1,Maswa,DRY,W,3,1,EX,H3,998,-3.295645,34.852435,5/11/2017,7/21/2017,71,9.60,851.2081444,Cyn.dac,2.4,2.6,20,25,2.50,1.00,10.00,17.00,,,,6.43,2.68,9.11,0.251564945,-0.001956182,0.10,-0.04,0.356416275,-0.044209703
DRY_W_3_EX2_H3,DRY_W_3_H3,DRY_W,DRY_W_3,DRY_W_1,Maswa,DRY,W,3,1,EX2,H3,998,-3.295645,34.852435,5/11/2017,7/21/2017,71,9.60,860.8081446,Cyn.dac,1.5,3.2,5,25,2.00,2.70,3.00,15.00,,,,1.38,16.36,17.74,0.05399061,-0.199530516,0.64,0.49,0.694053208,0.29342723
DRY_W_3_OP_H3,DRY_W_3_H3,DRY_W,DRY_W_3,DRY_W_1,Maswa,DRY,W,3,1,OP,H3,998,-3.295645,34.852435,5/11/2017,7/21/2017,71,9.60,870.4081448,Cyn.dac,1.3,3.3,10,30,1.50,3.60,11.00,15.00,0,0.00,0,6.48,3.76,10.24,0.253521127,,0.15,,0.400625978,
DRY_W_4_EX_H3,DRY_W_4_H3,DRY_W,DRY_W_4,DRY_W_2,Maswa,DRY,W,4,2,EX,H3,1000,-3.296013,34.854327,5/11/2017,7/21/2017,71,16.58,925.7094278,Cyn.dac,1.5,2.8,7,15,,1.00,5.00,7.00,14.46,11.35,25.81,3.80,7.75,11.55,-0.049687011,-0.164319249,-0.12,0.09,-0.16627543,-0.079029734
DRY_W_4_EX2_H3,DRY_W_4_H3,DRY_W,DRY_W_4,DRY_W_2,Maswa,DRY,W,4,2,EX2,H3,1000,-3.296013,34.854327,5/11/2017,7/21/2017,71,16.58,942.2844281,Cyn.dac,0.0,4.7,20,45,1.50,3.80,15.00,30.00,,,,5.73,12.85,18.58,0.025821596,-0.088810642,0.08,0.28,0.108763693,0.19600939
DRY_W_4_OP_H3,DRY_W_4_H3,DRY_W,DRY_W_4,DRY_W_2,Maswa,DRY,W,4,2,OP,H3,1000,-3.296013,34.854327,5/11/2017,7/21/2017,71,16.58,958.8594284,Cyn.dac,1.5,5.4,20,30,1.70,3.20,15.00,25.00,5.07,10.73,15.8,8.00,5.57,13.57,0.114632238,,-0.20,,-0.087245696,
DRY_P_1_EX_H3,DRY_P_1_H3,DRY_P,DRY_P_1,DRY_P_2,Makao,DRY,P,1,2,EX,H3,1009,-3.303212,34.847736,5/9/2017,7/22/2017,74,6.67,501.9213217,Chl.pyc,3.0,14.6,55,75,2.00,7.20,35.00,55.00,24.77,48.16,72.93,16.78,13.52,30.3,-0.24512012,0.338963964,0.19,0.33,-0.052177177,0.668168168
DRY_P_1_OP_H3,DRY_P_1_H3,DRY_P,DRY_P_1,DRY_P_2,Makao,DRY,P,1,2,OP,H3,1009,-3.303212,34.847736,5/9/2017,7/22/2017,74,6.67,508.5963216,Chl.pyc,3.0,19.2,70,90,,1.00,12.00,20.00,23.31,8.38,31.69,7.75,4.75,12.5,-0.584084084,,-0.14,,-0.720345345,
DRY_P_2_EX_H3,DRY_P_2_H3,DRY_P,DRY_P_2,DRY_P_3,Makao,DRY,P,2,3,EX,H3,1006,-3.408426,34.850244,5/9/2017,7/22/2017,74,6.67,501.9213217,Chl.pyc,1.2,7.4,10,35,1.50,4.80,8.00,15.00,14.68,14.99,29.67,4.42,16.88,21.3,0.121621622,0.149399399,0.06,0.35,0.179054054,0.498498498
DRY_P_2_OP_H3,DRY_P_2_H3,DRY_P,DRY_P_2,DRY_P_3,Makao,DRY,P,2,3,OP,H3,1006,-3.408426,34.850244,5/9/2017,7/22/2017,74,6.67,508.5963216,Chl.pyc,1.0,4.8,15,50,1.50,0.90,2.00,15.00,1.18,15.35,16.53,0.44,7.58,8.02,-0.027777778,,-0.29,,-0.319444444,
DRY_P_3_EX_H3,DRY_P_3_H3,DRY_P,DRY_P_3,DRY_P_1,Makao,DRY,P,3,1,EX,H3,1001,-3.406316,34.850407,5/9/2017,7/22/2017,74,6.67,541.9401129,Chl.pyc,11.0,18.8,35,60,1.00,1.80,10.00,25.00,13.47,14.20,27.67,1.43,14.18,15.61,-0.224474474,0.037537538,-0.68,0.23,-0.907282282,0.270645646
DRY_P_3_OP_H3,DRY_P_3_H3,DRY_P,DRY_P_3,DRY_P_1,Makao,DRY,P,3,1,OP,H3,1001,-3.406316,34.850407,5/9/2017,7/22/2017,74,6.67,548.6151128,Chl.pyc,2.0,12.1,30,55,1.00,0.60,7.00,12.00,7.41,32.37,39.78,0.43,7.97,8.4,-0.262012012,,-0.92,,-1.177927928,
DRY_P_4_EX_H3,DRY_P_4_H3,DRY_P,DRY_P_4,,Makao,DRY,P,4,,EX,H3,1003,-3.406853,34.851600,5/9/2017,7/22/2017,74,6.67,541.9401129,Chl.pyc,2.5,14.4,20,70,1.00,1.80,7.00,25.00,5.69,21.03,26.72,2.60,18.26,20.86,-0.509009009,0.060810811,-0.49,0.51,-1.001876877,0.568318318
DRY_P_4_OP_H3,DRY_P_4_H3,DRY_P,DRY_P_4,,Makao,DRY,P,4,,OP,H3,1003,-3.406853,34.851600,5/9/2017,7/22/2017,74,6.67,548.6151128,Chl.pyc,2.4,15.6,25,60,0.40,0.90,4.00,7.00,16.16,31.39,47.55,0.98,4.74,5.72,-0.56981982,,-1.00,,-1.570195195,
SE_1_EX_H3,SE_1_H3,SE,SE_1,,Seronera,SE,W,1,,EX,H3,1023,-2.437747,34.855162,5/17/2017,7/26/2017,70,65.34,731.7351518,Dig.mac,8.2,28.4,25,80,6.00,10.60,30.00,65.00,20.74,44.89,65.63,18.05,33.30,51.35,0.411904762,0.331746032,-1.01,0.52,-0.602777778,0.850396825
SE_1_EX2_H3,SE_1_H3,SE,SE_1,,Seronera,SE,W,1,,EX2,H3,1023,-2.437747,34.855162,5/17/2017,7/26/2017,70,65.34,797.0798053,Dig.mac,2.0,13.4,30,50,2.50,6.20,20.00,30.00,9.19,39.75,48.94,13.90,10.68,24.58,0.247222222,0.167063492,-1.91,-0.38,-1.665079365,-0.211904762
SE_1_OP_H3,SE_1_H3,SE,SE_1,,Seronera,SE,W,1,,OP,H3,1023,-2.437747,34.855162,5/17/2017,7/26/2017,70,65.34,862.4244588,Dig.mac,5.0,18.4,15,60,3.50,4.40,20.00,30.00,7.67,58.87,66.54,9.69,20.23,29.92,0.08015873,,-1.53,,-1.453174603,
SE_2_EX_H3,SE_2_H3,SE,SE_2,,Seronera,SE,W,2,,EX,H3,1025,-2.437766,34.855394,5/17/2017,7/26/2017,70,65.34,731.7351518,Dig.mac,4.0,10.0,25,50,2.50,3.80,12.00,20.00,32.45,53.54,85.99,7.72,15.37,23.09,,-0.374206349,0.21,-0.05,0.513888889,-0.422619048
SE_2_EX2_H3,SE_2_H3,SE,SE_2,,Seronera,SE,W,2,,EX2,H3,1025,-2.437766,34.855394,5/17/2017,7/26/2017,70,65.34,797.0798053,Dig.mac,2.5,18.2,15,65,2.10,9.60,10.00,40.00,5.81,56.07,61.88,29.30,31.02,60.32,,0.482142857,0.83,0.57,1.991269841,1.054761905
SE_2_OP_H3,SE_2_H3,SE,SE_2,,Seronera,SE,W,2,,OP,H3,1025,-2.437766,34.855394,5/17/2017,7/26/2017,70,65.34,862.4244588,Dig.mac,3.5,10.4,30,50,2.20,5.40,18.00,25.00,,10.14,10.14,17.15,16.59,33.74,,,0.26,,0.936507937,
SE_3_EX_H3,SE_3_H3,SE,SE_3,,Seronera,SE,W,3,,EX,H3,1027,-2.437991,34.855418,5/17/2017,7/26/2017,70,65.34,731.7351518,Dig.mac,4.0,7.4,,45,2.20,9.20,12.00,23.00,7.99,43.38,51.37,12.50,5.92,18.42,-0.359126984,0.225793651,-1.08,-0.65,-1.43452381,-0.424603175
SE_3_EX2_H3,SE_3_H3,SE,SE_3,,Seronera,SE,W,3,,EX2,H3,1027,-2.437991,34.855418,5/17/2017,7/26/2017,70,65.34,797.0798053,Dig.mac,2.5,15.4,15,45,2.20,6.60,10.00,35.00,5.26,58.58,63.84,10.12,19.71,29.83,-0.453571429,0.131349206,-0.53,-0.10,-0.981746032,0.028174603
SE_3_OP_H3,SE_3_H3,SE,SE_3,,Seronera,SE,W,3,,OP,H3,1027,-2.437991,34.855418,5/17/2017,7/26/2017,70,65.34,862.4244588,Dig.mac,5.5,24.8,18,55,2.50,5.40,8.00,25.00,21.55,33.02,54.57,6.81,22.31,29.12,-0.584920635,,-0.43,,-1.009920635,
SE_4_EX_H3,SE_4_H3,SE,SE_4,,Seronera,SE,W,4,,EX,H3,1026,-2.438079,34.854989,5/17/2017,7/26/2017,70,65.34,731.7351518,Dig.mac,6.5,18.2,35,70,3.50,7.40,25.00,35.00,8.14,53.85,61.99,16.55,24.26,40.81,0.463492063,0.386904762,-0.81,0.69,-0.344444444,1.080952381
SE_4_EX2_H3,SE_4_H3,SE,SE_4,,Seronera,SE,W,4,,EX2,H3,1026,-2.438079,34.854989,5/17/2017,7/26/2017,70,65.34,797.0798053,Dig.mac,2.5,19.2,20,60,1.00,6.00,12.00,27.00,21.61,66.91,88.52,5.67,19.72,25.39,0.031746032,-0.04484127,-0.99,0.51,-0.956349206,0.469047619
SE_4_OP_H3,SE_4_H3,SE,SE_4,,Seronera,SE,W,4,,OP,H3,1026,-2.438079,34.854989,5/17/2017,7/26/2017,70,65.34,862.4244588,Dig.mac,4.5,8.8,20,45,2.50,2.20,10.00,17.00,4.87,44.62,49.49,6.80,6.77,13.57,0.076587302,,-1.50,,-1.425396825,
WET_W_1_EX_H4,WET_W_1_H4,WET_W,WET_W_1,WET_W_3,Handajega,WET,W,1,3,EX,H4,954,-2.272484,34.023326,7/24/2017,10/1/2017,69,162.63,1081.53011,The.tri,4.0,29.4,10,35,5.50,19.60,17.00,50.00,8.41,14.08,22.49,10.26,46.51,56.77,0.284219002,0.05958132,1.22,0.39,1.507246377,0.44605475
WET_W_1_OP_H4,WET_W_1_H4,WET_W,WET_W_1,WET_W_3,Handajega,WET,W,1,3,OP,H4,954,-2.272484,34.023326,7/24/2017,10/1/2017,69,162.63,1244.164317,The.tri,3.2,11.4,12,30,4.00,7.40,10.00,36.00,3.2,16.13,19.33,8.78,36.91,45.69,0.224637681,,0.84,,1.061191626,
WET_W_2_EX_H4,WET_W_2_H4,WET_W,WET_W_2,WET_W_4,Handajega,WET,W,2,4,EX,H4,953,-2.278300,34.024459,7/24/2017,10/1/2017,69,162.63,1081.53011,The.tri,1.2,12.4,25,40,3.50,6.20,5.00,45.00,7.67,23.28,30.95,7.72,20.03,27.75,0.138888889,-0.014090177,0.32,-0.07,0.454911433,-0.085748792
WET_W_2_OP_H4,WET_W_2_H4,WET_W,WET_W_2,WET_W_4,Handajega,WET,W,2,4,OP,H4,953,-2.278300,34.024459,7/24/2017,10/1/2017,69,162.63,1244.164317,The.tri,2.3,10.8,15,38,3.30,4.50,17.00,35.00,4.27,12.18,16.45,8.07,21.81,29.88,0.152979066,,0.39,,0.540660225,
WET_W_3_EX_H4,WET_W_3_H4,WET_W,WET_W_3,WET_W_1,Handajega,WET,W,3,1,EX,H4,951,-2.277999,34.027678,7/24/2017,10/1/2017,69,162.63,1087.221681,The.tri,2.0,7.4,6,30,2.00,8.60,8.00,30.00,21.13,20.08,41.21,10.83,28.21,39.04,0.099838969,-0.117552335,0.71,-2.27,0.80958132,-2.389291465
WET_W_3_OP_H4,WET_W_3_H4,WET_W,WET_W_3,WET_W_1,Handajega,WET,W,3,1,OP,H4,951,-2.277999,34.027678,7/24/2017,10/1/2017,69,162.63,1249.855888,The.tri,9.5,15.8,16,60,9.70,12.90,10.00,50.00,8.35,10.58,18.93,13.75,84.64,98.39,0.217391304,,2.98,,3.198872786,
WET_W_4_EX_H4,WET_W_4_H4,WET_W,WET_W_4,WET_W_2,Handajega,WET,W,4,2,EX,H4,950,-2.278837,34.031884,7/24/2017,10/1/2017,69,162.63,1087.221681,The.tri,4.2,16.0,35,55,6.10,16.20,44.00,50.00,26.72,4.92,31.64,51.26,7.37,58.63,1.59742351,1.718599034,-0.91,-0.77,0.69041868,0.953301127
WET_W_4_OP_H4,WET_W_4_H4,WET_W,WET_W_4,WET_W_2,Handajega,WET,W,4,2,OP,H4,950,-2.278837,34.031884,7/24/2017,10/1/2017,69,162.63,1249.855888,The.tri,2.5,18.4,20,40,2.10,3.80,5.00,30.00,11.58,29.90,41.48,8.57,26.38,34.95,-0.121175523,,-0.14,,-0.262882448,
WET_P_1_EX_H4,WET_P_1_H4,WET_P,WET_P_1,WET_P_1,Mwantimba,WET,P,1,1,EX,H4,957,-2.350052,34.049976,7/23/2017,9/30/2017,69,136.27,1048.70949,Chr.ori,1.6,2.0,35,45,0.25,1.70,34.00,37.00,38.76,11.19,49.95,22.77,1.19,23.96,-0.560386473,-0.472222222,0.00,0.01,-0.561996779,-0.46215781
WET_P_1_OP_H4,WET_P_1_H4,WET_P,WET_P_1,WET_P_1,Mwantimba,WET,P,1,1,OP,H4,957,-2.350052,34.049976,7/23/2017,9/30/2017,69,136.27,1184.981633,Chr.ori,1.3,1.2,35,40,0.00,1.70,28.00,30.00,36.69,1.23,37.92,34.50,0.94,35.44,-0.088164251,,-0.01,,-0.099838969,
WET_P_2_EX_H4,WET_P_2_H4,WET_P,WET_P_2,WET_P_2,Mwantimba,WET,P,2,2,EX,H4,959,-2.348488,34.050110,7/23/2017,9/30/2017,69,136.27,1048.70949,Chr.ori,1.7,3.0,30,40,2.00,2.30,43.00,55.00,30.58,10.29,40.87,20.96,5.82,26.78,-0.271336554,0.123188406,0.11,0.19,-0.162640902,0.312801932
WET_P_2_OP_H4,WET_P_2_H4,WET_P,WET_P_2,WET_P_2,Mwantimba,WET,P,2,2,OP,H4,959,-2.348488,34.050110,7/23/2017,9/30/2017,69,136.27,1184.981633,Chr.ori,1.5,1.2,38,45,0.00,1.40,21.00,25.00,27.7,3.12,30.82,17.90,1.11,19.01,-0.39452496,,-0.08,,-0.475442834,
WET_P_3_EX_H4,WET_P_3_H4,WET_P,WET_P_3,WET_P_4,Mwantimba,WET,P,3,4,EX,H4,1022,-2.367293,34.062509,7/23/2017,9/30/2017,69,136.27,1048.70949,Chr.ori,1.8,4.4,25,60,1.50,2.60,27.00,48.00,40.77,20.14,60.91,13.18,5.38,18.56,-0.159017713,0.02173913,-0.07,0.13,-0.229871176,0.153784219
WET_P_3_OP_H4,WET_P_3_H4,WET_P,WET_P_3,WET_P_4,Mwantimba,WET,P,3,4,OP,H4,1022,-2.367293,34.062509,7/23/2017,9/30/2017,69,136.27,1184.981633,Chr.ori,2.0,14.8,30,45,1.25,1.90,22.00,25.00,17.13,7.14,24.27,12.64,2.10,14.74,-0.180756844,,-0.20,,-0.383655395,
WET_P_4_EX_H4,WET_P_4_H4,WET_P,WET_P_4,WET_P_3,Mwantimba,WET,P,4,3,EX,H4,1020,-2.368570,34.062586,7/23/2017,9/30/2017,69,136.27,964.8937573,Chr.ori,2.0,3.6,20,40,1.40,2.80,20.00,35.00,16.68,38.95,55.63,13.92,7.26,21.18,0.110708535,-0.149355878,-0.72,-0.21,-0.611916264,-0.357487923
WET_P_4_OP_H4,WET_P_4_H4,WET_P,WET_P_4,WET_P_3,Mwantimba,WET,P,4,3,OP,H4,1020,-2.368570,34.062586,7/23/2017,9/30/2017,69,136.27,1101.1659,Chr.ori,1.8,11.6,45,60,1.50,1.40,30.00,40.00,11.17,25.21,36.38,17.63,12.43,30.06,0.260064412,,-0.51,,-0.254428341,
DRY_W_1_EX_H4,DRY_W_1_H4,DRY_W,DRY_W_1,DRY_W_3,Maswa,DRY,W,1,3,EX,H4,995,-3.299332,34.848458,7/21/2017,9/28/2017,69,6.90,879.3456003,Cyn.dac,0.5,4.4,4,10,2.00,5.40,4.00,22.00,5.85,9.00,14.85,2.28,7.37,9.65,-0.169082126,-0.08252818,-0.59,0.09,-0.023752013,0.004428341
DRY_W_1_EX2_H4,DRY_W_1_H4,DRY_W,DRY_W_1,DRY_W_3,Maswa,DRY,W,1,3,EX2,H4,995,-3.299332,34.848458,7/21/2017,9/28/2017,69,6.90,886.2456004,Cyn.dac,1.5,2.0,15,40,2.00,5.00,8.00,40.00,6.88,21.95,28.83,5.32,13.62,18.94,-0.046698873,0.039855072,0.29,0.34,0.350241546,0.3784219
DRY_W_1_OP_H4,DRY_W_1_H4,DRY_W,DRY_W_1,DRY_W_3,Maswa,DRY,W,1,3,OP,H4,995,-3.299332,34.848458,7/21/2017,9/28/2017,69,6.90,893.1456005,Cyn.dac,1.5,1.4,8,20,1.00,4.00,5.00,30.00,4.74,6.51,11.25,4.33,5.21,9.54,-0.086553945,,-0.05,,-0.028180354,
DRY_W_2_EX_H4,DRY_W_2_H4,DRY_W,DRY_W_2,DRY_W_4,Maswa,DRY,W,2,4,EX,H4,980,-3.303268,34.847796,7/21/2017,9/28/2017,69,6.90,879.3456003,Cyn.dac,2.5,6.2,25,40,2.25,5.00,10.00,28.00,4.67,8.81,13.48,12.35,3.41,15.76,0.175120773,0.395732689,-0.07,0.05,0.088164251,0.450483092
DRY_W_2_EX2_H4,DRY_W_2_H4,DRY_W,DRY_W_2,DRY_W_4,Maswa,DRY,W,2,4,EX2,H4,980,-3.303268,34.847796,7/21/2017,9/28/2017,69,6.90,886.2456004,Cyn.dac,2.2,1.8,12,17,1.50,2.20,7.00,14.00,3.6,14.01,17.61,3.87,4.05,7.92,-0.16626409,0.054347826,-0.04,0.08,-0.227455717,0.134863124
DRY_W_2_OP_H4,DRY_W_2_H4,DRY_W,DRY_W_2,DRY_W_4,Maswa,DRY,W,2,4,OP,H4,980,-3.303268,34.847796,7/21/2017,9/28/2017,69,6.90,893.1456005,Cyn.dac,2.0,7.0,5,20,1.00,1.60,4.00,8.00,3.46,5.14,8.6,2.52,2.05,4.57,-0.220611916,,-0.12,,-0.362318841,
DRY_W_3_EX_H4,DRY_W_3_H4,DRY_W,DRY_W_3,DRY_W_1,Maswa,DRY,W,3,1,EX,H4,998,-3.295645,34.852435,7/21/2017,9/28/2017,69,6.90,877.3081449,Cyn.dac,2.5,7.6,13,30,2.50,2.00,8.00,15.00,6.43,2.68,9.11,5.11,5.46,10.57,0.01489533,0.06078905,0.07,0.09,-0.027375201,0.148148148
DRY_W_3_EX2_H4,DRY_W_3_H4,DRY_W,DRY_W_3,DRY_W_1,Maswa,DRY,W,3,1,EX2,H4,998,-3.295645,34.852435,7/21/2017,9/28/2017,69,6.90,884.2081451,Cyn.dac,,2.0,6,10,1.00,1.00,3.00,5.00,1.38,16.36,17.74,1.77,3.15,4.92,-0.119565217,-0.073671498,-0.02,-0.01,-0.254830918,-0.079307568
DRY_W_3_OP_H4,DRY_W_3_H4,DRY_W,DRY_W_3,DRY_W_1,Maswa,DRY,W,3,1,OP,H4,998,-3.295645,34.852435,7/21/2017,9/28/2017,69,6.90,891.1081452,Cyn.dac,2.8,1.0,10,13,0.00,1.60,5.00,6.00,6.48,3.76,10.24,3.60,3.29,6.89,-0.04589372,,-0.02,,-0.175523349,
DRY_W_4_EX_H4,DRY_W_4_H4,DRY_W,DRY_W_4,DRY_W_2,Maswa,DRY,W,4,2,EX,H4,1000,-3.296013,34.854327,7/21/2017,9/28/2017,69,12.56,971.4224453,Cyn.dac,3.5,1.6,5,10,1.50,1.20,5.00,9.00,3.8,7.75,11.55,3.80,3.87,7.67,0.013687601,0.08373591,-0.07,-0.03,-0.037439614,0.05394525
DRY_W_4_EX2_H4,DRY_W_4_H4,DRY_W,DRY_W_4,DRY_W_2,Maswa,DRY,W,4,2,EX2,H4,1000,-3.296013,34.854327,7/21/2017,9/28/2017,69,12.56,983.9854622,Cyn.dac,2.5,1.8,14,19,2.00,1.80,11.00,13.00,5.73,12.85,18.58,3.92,6.29,10.21,0.018518519,0.088566828,0.03,0.07,0.064814815,0.156199678
DRY_W_4_OP_H4,DRY_W_4_H4,DRY_W,DRY_W_4,DRY_W_2,Maswa,DRY,W,4,2,OP,H4,1000,-3.296013,34.854327,7/21/2017,9/28/2017,69,12.56,996.548479,Cyn.dac,1.5,4.6,8,22,1.50,1.80,6.00,13.00,8,5.57,13.57,1.72,4.61,6.33,-0.070048309,,-0.04,,-0.091384863,
DRY_P_1_EX_H4,DRY_P_1_H4,DRY_P,DRY_P_1,DRY_P_2,Makao,DRY,P,1,2,EX,H4,1009,-3.303212,34.847736,7/22/2017,9/27/2017,67,6.53,515.1213216,Chl.pyc,0.5,1.0,5,15,0.00,0.00,1.00,5.00,16.78,13.52,30.3,0.18,2.19,2.37,-0.31384743,0.007462687,-0.11,0.09,-0.419983416,0.098258706
DRY_P_1_OP_H4,DRY_P_1_H4,DRY_P,DRY_P_1,DRY_P_2,Makao,DRY,P,1,2,OP,H4,1009,-3.303212,34.847736,7/22/2017,9/27/2017,67,6.53,521.6463216,Chl.pyc,1.5,1.0,10,25,0.00,0.00,1.00,6.00,7.75,4.75,12.5,0.00,0.00,0,-0.321310116,,-0.20,,-0.518242123,
DRY_P_2_EX_H4,DRY_P_2_H4,DRY_P,DRY_P_2,DRY_P_3,Makao,DRY,P,2,3,EX,H4,1006,-3.408426,34.850244,7/22/2017,9/27/2017,67,6.53,515.1213216,Chl.pyc,0.5,0.4,5,10,0.00,0.00,1.00,4.00,4.42,16.88,21.3,0.00,0.00,0,-0.018242123,0,-0.31,0.00,-0.332504146,0
DRY_P_2_OP_H4,DRY_P_2_H4,DRY_P,DRY_P_2,DRY_P_3,Makao,DRY,P,2,3,OP,H4,1006,-3.408426,34.850244,7/22/2017,9/27/2017,67,6.53,521.6463216,Chl.pyc,2.0,4.6,5,20,0.00,0.00,1.00,4.00,0.44,7.58,8.02,0.00,0.00,0,-0.018242123,,-0.31,,-0.332504146,
DRY_P_3_EX_H4,DRY_P_3_H4,DRY_P,DRY_P_3,DRY_P_1,Makao,DRY,P,3,1,EX,H4,1001,-3.406316,34.850407,7/22/2017,9/27/2017,67,6.53,555.1401128,Chl.pyc,0.5,0.9,4,8,0.00,0.00,1.00,3.00,1.43,14.18,15.61,0.00,0.00,0,-0.017827529,,-0.33,0.00,-0.348258706,
DRY_P_3_OP_H4,DRY_P_3_H4,DRY_P,DRY_P_3,DRY_P_1,Makao,DRY,P,3,1,OP,H4,1001,-3.406316,34.850407,7/22/2017,9/27/2017,67,6.53,561.6651128,Chl.pyc,0.5,1.0,2,8,,,,,0.43,7.97,8.4,,,,,,,,,
DRY_P_4_EX_H4,DRY_P_4_H4,DRY_P,DRY_P_4,,Makao,DRY,P,4,,EX,H4,1003,-3.406853,34.851600,7/22/2017,9/27/2017,67,6.53,555.1401128,Chl.pyc,0.7,1.4,7,15,0.00,0.00,1.00,8.00,2.6,18.26,20.86,0.00,0.00,0,-0.040630182,,-0.20,0.00,-0.237147595,
DRY_P_4_OP_H4,DRY_P_4_H4,DRY_P,DRY_P_4,,Makao,DRY,P,4,,OP,H4,1003,-3.406853,34.851600,7/22/2017,9/27/2017,67,6.53,561.6651128,Chl.pyc,1.0,0.9,2,10,,,,,0.98,4.74,5.72,,,,,,,,,
SE_1_EX_H4,SE_1_H4,SE,SE_1,,Seronera,SE,W,1,,EX,H4,1023,-2.437747,34.855162,7/26/2017,9/25/2017,61,167.09,1029.513083,Dig.mac,4.0,7.6,25,35,5.00,10.20,20.00,50.00,18.05,33.30,51.35,30.41,30.83,61.24,0.943533698,0.323770492,0.48,0.32,1.426229508,0.643442623
SE_1_EX2_H4,SE_1_H4,SE,SE_1,,Seronera,SE,W,1,,EX2,H4,1023,-2.437747,34.855162,7/26/2017,9/25/2017,61,167.09,1196.601708,Dig.mac,2.5,10.8,20,50,7.00,15.00,30.00,70.00,13.9,10.68,24.58,23.55,55.17,78.72,0.631147541,0.011384335,1.59,1.43,2.222222222,1.439435337
SE_1_OP_H4,SE_1_H4,SE,SE_1,,Seronera,SE,W,1,,OP,H4,1023,-2.437747,34.855162,7/26/2017,9/25/2017,61,167.09,1363.690333,Dig.mac,2.2,6.8,20,30,2.50,7.00,25.00,40.00,9.69,20.23,29.92,23.30,23.81,47.11,0.619763206,,0.16,,0.782786885,
SE_2_EX_H4,SE_2_H4,SE,SE_2,,Seronera,SE,W,2,,EX,H4,1025,-2.437766,34.855394,7/26/2017,9/25/2017,61,167.09,1029.513083,Dig.mac,4.2,17.8,10,45,5.00,10.80,12.00,70.00,7.72,15.37,23.09,10.67,72.08,82.75,-0.295081967,-0.066939891,2.53,1.87,2.231785064,1.805100182
SE_2_EX2_H4,SE_2_H4,SE,SE_2,,Seronera,SE,W,2,,EX2,H4,1025,-2.437766,34.855394,7/26/2017,9/25/2017,61,167.09,1196.601708,Dig.mac,2.2,9.0,5,30,2.75,7.60,8.00,35.00,29.3,31.02,60.32,8.58,40.10,48.68,-0.390255009,-0.162112933,1.07,0.42,0.680327869,0.253642987
SE_2_OP_H4,SE_2_H4,SE,SE_2,,Seronera,SE,W,2,,OP,H4,1025,-2.437766,34.855394,7/26/2017,9/25/2017,61,167.09,1363.690333,Dig.mac,3.5,4.8,12,40,3.50,6.20,17.00,40.00,17.15,16.59,33.74,12.14,30.97,43.11,-0.228142077,,0.65,,0.426684882,
SE_3_EX_H4,SE_3_H4,SE,SE_3,,Seronera,SE,W,3,,EX,H4,1027,-2.437991,34.855418,7/26/2017,9/25/2017,61,167.09,1029.513083,Dig.mac,4.4,12.2,20,65,5.50,13.40,25.00,60.00,12.5,5.92,18.42,34.89,53.18,88.07,1.278688525,1.230874317,1.41,1.71,2.68442623,2.939435337
SE_3_EX2_H4,SE_3_H4,SE,SE_3,,Seronera,SE,W,3,,EX2,H4,1027,-2.437991,34.855418,7/26/2017,9/25/2017,61,167.09,1196.601708,Dig.mac,2.5,9.2,22,35,2.25,7.20,18.00,35.00,10.12,19.71,29.83,18.62,19.16,37.78,0.537795993,0.489981785,-0.14,0.16,0.39435337,0.649362477
SE_3_OP_H4,SE_3_H4,SE,SE_3,,Seronera,SE,W,3,,OP,H4,1027,-2.437991,34.855418,7/26/2017,9/25/2017,61,167.09,1363.690333,Dig.mac,3.5,1.4,7,25,3.50,3.20,10.00,27.00,6.81,22.31,29.12,7.86,15.66,23.52,0.047814208,,-0.30,,-0.255009107,
SE_4_EX_H4,SE_4_H4,SE,SE_4,,Seronera,SE,W,4,,EX,H4,1026,-2.438079,34.854989,7/26/2017,9/25/2017,61,167.09,1029.513083,Dig.mac,3.2,9.2,15,30,4.00,8.60,20.00,40.00,16.55,24.26,40.81,18.33,18.93,37.26,0.525045537,0.12431694,0.55,0.21,1.078779599,0.33287796
SE_4_EX2_H4,SE_4_H4,SE,SE_4,,Seronera,SE,W,4,,EX2,H4,1026,-2.438079,34.854989,7/26/2017,9/25/2017,61,167.09,1196.601708,Dig.mac,2.5,8.4,15,25,5.75,7.80,20.00,40.00,5.67,19.72,25.39,27.72,23.55,51.27,0.952641166,0.551912568,0.76,0.42,1.716757741,0.970856102
SE_4_OP_H4,SE_4_H4,SE,SE_4,,Seronera,SE,W,4,,OP,H4,1026,-2.438079,34.854989,7/26/2017,9/25/2017,61,167.09,1363.690333,Dig.mac,2.5,8.8,15,30,2.50,5.40,12.00,35.00,6.8,6.77,13.57,15.60,14.35,29.95,0.400728597,,0.35,,0.745901639,
WET_W_1_EX_H5,WET_W_1_H5,WET_W,WET_W_1,WET_W_3,Handajega,WET,W,1,3,EX,H5,954,-2.272484,34.023326,10/1/2017,12/14/2017,74,428.22,1672.379809,The.tri,4.4,14.4,15,40,5.00,63.20,18.00,60.00,10.26,46.51,56.77,14.00,41.45,55.45,0.195945946,0.3003003,0.17,0.69,0.366366366,0.992867868
WET_W_1_OP_H5,WET_W_1_H5,WET_W,WET_W_1,WET_W_3,Handajega,WET,W,1,3,OP,H5,954,-2.272484,34.023326,10/1/2017,12/14/2017,74,428.22,2100.595301,The.tri,3.5,8.6,10,30,4.00,55.20,20.00,65.00,8.78,36.91,45.69,6.00,23.00,29,-0.104354354,,-0.52,,-0.626501502,
WET_W_2_EX_H5,WET_W_2_H5,WET_W,WET_W_2,WET_W_4,Handajega,WET,W,2,4,EX,H5,953,-2.278300,34.024459,10/1/2017,12/14/2017,74,428.22,1672.379809,The.tri,2.7,3.6,15,30,3.50,30.20,15.00,55.00,7.72,20.03,27.75,12.00,9.00,21,0.147522523,0.037537538,-0.48,-0.83,-0.333333333,-0.788288288
WET_W_2_OP_H5,WET_W_2_H5,WET_W,WET_W_2,WET_W_4,Handajega,WET,W,2,4,OP,H5,953,-2.278300,34.024459,10/1/2017,12/14/2017,74,428.22,2100.595301,The.tri,3.5,11.8,30,60,5.30,43.00,30.00,95.00,8.07,21.81,29.88,11.00,31.00,42,0.109984985,,0.34,,0.454954955,
WET_W_3_EX_H5,WET_W_3_H5,WET_W,WET_W_3,WET_W_1,Handajega,WET,W,3,1,EX,H5,951,-2.277999,34.027678,10/1/2017,12/14/2017,74,428.22,1678.07138,The.tri,7.7,21.4,10,55,10.00,55.20,20.00,85.00,10.83,28.21,39.04,19.00,27.00,46,0.197072072,0.45045045,-2.16,0.83,-1.966591592,1.276276276
WET_W_3_OP_H5,WET_W_3_H5,WET_W,WET_W_3,WET_W_1,Handajega,WET,W,3,1,OP,H5,951,-2.277999,34.027678,10/1/2017,12/14/2017,74,428.22,2106.286872,The.tri,3.0,4.6,12,40,4.00,23.00,40.00,65.00,13.75,84.64,98.39,7.00,5.00,12,-0.253378378,,-2.99,,-3.242867868,
WET_W_4_EX_H5,WET_W_4_H5,WET_W,WET_W_4,WET_W_2,Handajega,WET,W,4,2,EX,H5,950,-2.278837,34.031884,10/1/2017,12/14/2017,74,428.22,1678.07138,The.tri,3.6,11.0,34,45,9.50,51.60,55.00,92.00,51.26,7.37,58.63,21.00,41.29,62.29,0.466591592,0.337837838,0.56,0.95,1.026276276,1.287162162
WET_W_4_OP_H5,WET_W_4_H5,WET_W,WET_W_4,WET_W_2,Handajega,WET,W,4,2,OP,H5,950,-2.278837,34.031884,10/1/2017,12/14/2017,74,428.22,2106.286872,The.tri,3.8,8.4,22,27,5.00,49.00,50.00,55.00,8.57,26.38,34.95,12.00,16.00,28,0.128753754,,-0.39,,-0.260885886,
WET_P_1_EX_H5,WET_P_1_H5,WET_P,WET_P_1,WET_P_1,Mwantimba,WET,P,1,1,EX,H5,957,-2.350052,34.049976,9/30/2017,12/13/2017,74,512.07,1697.05528,Chr.ori,0.0,0.9,16,20,3.00,9.60,80.00,95.00,22.77,1.19,23.96,12.00,4.00,16,-0.844594595,0.187687688,0.11,0.11,-0.72972973,0.3003003
WET_P_1_OP_H5,WET_P_1_H5,WET_P,WET_P_1,WET_P_1,Mwantimba,WET,P,1,1,OP,H5,957,-2.350052,34.049976,9/30/2017,12/13/2017,74,512.07,2209.128927,Chr.ori,0.0,1.4,21,26,1.00,1.80,85.00,95.00,34.5,0.94,35.44,7.00,1.00,8,-1.032282282,,0.00,,-1.03003003,
WET_P_2_EX_H5,WET_P_2_H5,WET_P,WET_P_2,WET_P_2,Mwantimba,WET,P,2,2,EX,H5,959,-2.348488,34.050110,9/30/2017,12/13/2017,74,512.07,1697.05528,Chr.ori,0.0,1.2,8,12,4.50,20.20,65.00,92.00,20.96,5.82,26.78,9.00,11.00,20,-0.334084084,0.112612613,0.37,0.34,0.037162162,0.45045045
WET_P_2_OP_H5,WET_P_2_H5,WET_P,WET_P_2,WET_P_2,Mwantimba,WET,P,2,2,OP,H5,959,-2.348488,34.050110,9/30/2017,12/13/2017,74,512.07,2209.128927,Chr.ori,0.0,1.0,14,18,2.40,4.20,60.00,72.00,17.9,1.11,19.01,6.00,2.00,8,-0.446696697,,0.03,,-0.413288288,
WET_P_3_EX_H5,WET_P_3_H5,WET_P,WET_P_3,WET_P_4,Mwantimba,WET,P,3,4,EX,H5,1022,-2.367293,34.062509,9/30/2017,12/13/2017,74,512.07,1697.05528,Chr.ori,1.0,1.3,44,55,2.00,4.80,85.00,97.00,13.18,5.38,18.56,14.00,7.00,21,0.051051051,-0.033408408,0.18,0.19,0.234984985,0.154279279
WET_P_3_OP_H5,WET_P_3_H5,WET_P,WET_P_3,WET_P_4,Mwantimba,WET,P,3,4,OP,H5,1022,-2.367293,34.062509,9/30/2017,12/13/2017,74,512.07,2209.128927,Chr.ori,1.5,1.8,25,45,2.00,2.40,68.00,75.00,12.64,2.10,14.74,14.89,2.00,16.89,0.084459459,,0.00,,0.080705706,
WET_P_4_EX_H5,WET_P_4_H5,WET_P,WET_P_4,WET_P_3,Mwantimba,WET,P,4,3,EX,H5,1020,-2.368570,34.062586,9/30/2017,12/13/2017,74,512.07,1613.239547,Chr.ori,1.0,1.2,18,26,3.50,27.10,55.00,85.00,13.92,7.26,21.18,21.78,34.47,56.25,0.155780781,0.592342342,0.83,0.96,0.983108108,1.548423423
WET_P_4_OP_H5,WET_P_4_H5,WET_P,WET_P_4,WET_P_3,Mwantimba,WET,P,4,3,OP,H5,1020,-2.368570,34.062586,9/30/2017,12/13/2017,74,512.07,2125.313194,Chr.ori,1.0,2.4,37,30,1.50,4.30,55.00,65.00,17.63,12.43,30.06,6.00,9.00,15,-0.436561562,,-0.13,,-0.565315315,
DRY_W_1_EX_H5,DRY_W_1_H5,DRY_W,DRY_W_1,DRY_W_3,Maswa,DRY,W,1,3,EX,H5,995,-3.299332,34.848458,9/28/2017,12/11/2017,74,151.07,1044.219247,Cyn.dac,3.5,9.8,5,32,2.50,4.20,15.00,20.00,2.28,7.37,9.65,7.70,22.00,29.7,0.126501502,0.213963964,0.31,0.75,0.756756757,0.964714715
DRY_W_1_EX2_H5,DRY_W_1_H5,DRY_W,DRY_W_1,DRY_W_3,Maswa,DRY,W,1,3,EX2,H5,995,-3.299332,34.848458,9/28/2017,12/11/2017,74,151.07,1195.292893,Cyn.dac,2.5,2.2,9,12,3.00,10.30,15.00,60.00,5.32,13.62,18.94,11.96,2.00,13.96,0.286411411,0.373873874,-0.12,0.00,0.165915916,0.373873874
DRY_W_1_OP_H5,DRY_W_1_H5,DRY_W,DRY_W_1,DRY_W_3,Maswa,DRY,W,1,3,OP,H5,995,-3.299332,34.848458,9/28/2017,12/11/2017,74,151.07,1346.366539,Cyn.dac,3.0,1.2,7,10,3.50,0.80,5.00,10.00,4.33,5.21,9.54,2.00,2.00,4,-0.087462462,,-0.12,,-0.207957958,
DRY_W_2_EX_H5,DRY_W_2_H5,DRY_W,DRY_W_2,DRY_W_4,Maswa,DRY,W,2,4,EX,H5,980,-3.303268,34.847796,9/28/2017,12/11/2017,74,151.07,1044.219247,Cyn.dac,1.6,4.4,10,23,2.00,4.20,20.00,28.00,12.35,3.41,15.76,4.00,16.87,20.87,0.055555556,0.075075075,0.56,0.52,0.611861862,0.595720721
DRY_W_2_EX2_H5,DRY_W_2_H5,DRY_W,DRY_W_2,DRY_W_4,Maswa,DRY,W,2,4,EX2,H5,980,-3.303268,34.847796,9/28/2017,12/11/2017,74,151.07,1195.292893,Cyn.dac,1.0,2.4,10,13,1.50,3.90,12.00,45.00,3.87,4.05,7.92,5.00,3.00,8,0.093093093,0.112612613,0.04,0.00,0.128753754,0.112612613
DRY_W_2_OP_H5,DRY_W_2_H5,DRY_W,DRY_W_2,DRY_W_4,Maswa,DRY,W,2,4,OP,H5,980,-3.303268,34.847796,9/28/2017,12/11/2017,74,151.07,1346.366539,Cyn.dac,1.5,2.4,5,15,1.00,1.80,8.00,26.00,2.52,2.05,4.57,2.00,3.00,5,-0.01951952,,0.04,,0.016141141,
DRY_W_3_EX_H5,DRY_W_3_H5,DRY_W,DRY_W_3,DRY_W_1,Maswa,DRY,W,3,1,EX,H5,998,-3.295645,34.852435,9/28/2017,12/11/2017,74,151.07,1042.181791,Cyn.dac,2.0,2.0,10,17,1.00,0.90,8.00,35.00,5.11,5.46,10.57,10.48,3.81,14.29,0.258258258,0.280780781,0.02,0.07,0.277777778,0.348723724
DRY_W_3_EX2_H5,DRY_W_3_H5,DRY_W,DRY_W_3,DRY_W_1,Maswa,DRY,W,3,1,EX2,H5,998,-3.295645,34.852435,9/28/2017,12/11/2017,74,151.07,1193.255438,Cyn.dac,1.0,1.6,1,7,2.00,2.50,10.00,35.00,1.77,3.15,4.92,2.00,6.00,8,-0.06006006,-0.037537538,0.10,0.15,0.041666667,0.112612613
DRY_W_3_OP_H5,DRY_W_3_H5,DRY_W,DRY_W_3,DRY_W_1,Maswa,DRY,W,3,1,OP,H5,998,-3.295645,34.852435,9/28/2017,12/11/2017,74,151.07,1344.329084,Cyn.dac,1.8,1.4,10,10,2.50,1.90,5.00,10.00,3.6,3.29,6.89,3.00,2.00,5,-0.022522523,,-0.05,,-0.070945946,
DRY_W_4_EX_H5,DRY_W_4_H5,DRY_W,DRY_W_4,DRY_W_2,Maswa,DRY,W,4,2,EX,H5,1000,-3.296013,34.854327,9/28/2017,12/11/2017,74,214.85,1211.395419,Cyn.dac,1.3,2.4,10,10,1.00,5.10,15.00,20.00,3.8,3.87,7.67,3.00,8.00,11,0.048048048,-0.15015015,0.13,0.23,0.1753003,0.075075075
DRY_W_4_EX2_H5,DRY_W_4_H5,DRY_W,DRY_W_4,DRY_W_2,Maswa,DRY,W,4,2,EX2,H5,1000,-3.296013,34.854327,9/28/2017,12/11/2017,74,214.85,1426.24236,Cyn.dac,1.8,3.4,8,12,1.00,5.20,20.00,45.00,3.92,6.29,10.21,4.00,1.31,5.31,0.085585586,-0.112612613,-0.12,-0.03,-0.038288288,-0.138513514
DRY_W_4_OP_H5,DRY_W_4_H5,DRY_W,DRY_W_4,DRY_W_2,Maswa,DRY,W,4,2,OP,H5,1000,-3.296013,34.854327,9/28/2017,12/11/2017,74,214.85,1641.0893,Cyn.dac,1.5,7.6,10,14,1.50,2.60,25.00,40.00,1.72,4.61,6.33,7.00,2.00,9,0.198198198,,-0.10,,0.100225225,
DRY_P_1_EX_H5,DRY_P_1_H5,DRY_P,DRY_P_1,DRY_P_2,Makao,DRY,P,1,2,EX,H5,1009,-3.303212,34.847736,9/27/2017,12/10/2017,74,128.55,650.1934884,Chl.pyc,0.0,0.0,1,4,0.80,1.60,10.00,25.00,0.18,2.19,2.37,1.00,1.00,2,0.037537538,0.005630631,0.04,-0.34,0.075075075,-0.336336336
DRY_P_1_OP_H5,DRY_P_1_H5,DRY_P,DRY_P_1,DRY_P_2,Makao,DRY,P,1,2,OP,H5,1009,-3.303212,34.847736,9/27/2017,12/10/2017,74,128.55,778.7406552,Chl.pyc,0.0,0.0,1,6,0.00,0.80,15.00,35.00,0,0.00,0,0.85,10.11,10.96,0.031906907,,0.38,,0.411411411,
DRY_P_2_EX_H5,DRY_P_2_H5,DRY_P,DRY_P_2,DRY_P_3,Makao,DRY,P,2,3,EX,H5,1006,-3.408426,34.850244,9/27/2017,12/10/2017,74,128.55,650.1934884,Chl.pyc,0.0,0.0,1,6,2.90,3.30,5.00,35.00,0,0.00,0,1.00,4.00,5,0.037537538,0,0.15,0.11,0.187687688,0.112612613
DRY_P_2_OP_H5,DRY_P_2_H5,DRY_P,DRY_P_2,DRY_P_3,Makao,DRY,P,2,3,OP,H5,1006,-3.408426,34.850244,9/27/2017,12/10/2017,74,128.55,778.7406552,Chl.pyc,0.0,0.0,1,3,0.00,0.70,4.00,10.00,0,0.00,0,1.00,1.00,2,0.037537538,,0.04,,0.075075075,
DRY_P_3_EX_H5,DRY_P_3_H5,DRY_P,DRY_P_3,DRY_P_1,Makao,DRY,P,3,1,EX,H5,1001,-3.406316,34.850407,9/27/2017,12/10/2017,74,128.55,690.2122796,Chl.pyc,0.0,0.0,1,4,0.50,2.50,5.00,18.00,0,0.00,0,1.00,3.17,4.17,,0,,0.07,,0.073573574
DRY_P_3_OP_H5,DRY_P_3_H5,DRY_P,DRY_P_3,DRY_P_1,Makao,DRY,P,3,1,OP,H5,1001,-3.406316,34.850407,9/27/2017,12/10/2017,74,128.55,818.7594464,Chl.pyc,0.0,0.0,1,3,0.00,1.74,7.00,20.00,,,,1.00,1.21,2.21,,,,,,
DRY_P_4_EX_H5,DRY_P_4_H5,DRY_P,DRY_P_4,,Makao,DRY,P,4,,EX,H5,1003,-3.406853,34.851600,9/27/2017,12/10/2017,74,128.55,690.2122796,Chl.pyc,0.0,0.0,1,7,0.50,3.20,5.00,35.00,0,0.00,0,1.00,1.00,2,,0,,0.00,,0
DRY_P_4_OP_H5,DRY_P_4_H5,DRY_P,DRY_P_4,,Makao,DRY,P,4,,OP,H5,1003,-3.406853,34.851600,9/27/2017,12/10/2017,74,128.55,818.7594464,Chl.pyc,0.0,0.0,1,5,0.50,1.10,18.00,32.00,,,,1.00,1.00,2,,,,,,
SE_1_EX_H5,SE_1_H5,SE,SE_1,,Seronera,SE,W,1,,EX,H5,1023,-2.437747,34.855162,9/25/2017,12/15/2017,81,265.08,1628.772592,Dig.mac,4.5,7.4,30,40,5.00,15.00,20.00,50.00,30.41,30.83,61.24,19.00,16.00,35,-0.147462277,-0.24005487,-0.27,0.41,-0.415294925,0.171467764
SE_1_EX2_H5,SE_1_H5,SE,SE_1,,Seronera,SE,W,1,,EX2,H5,1023,-2.437747,34.855162,9/25/2017,12/15/2017,81,265.08,1893.854851,Dig.mac,5.3,11.4,35,45,5.00,21.90,25.00,35.00,23.55,55.17,78.72,11.00,30.00,41,-0.4218107,-0.514403292,0.21,0.89,-0.209533608,0.377229081
SE_1_OP_H5,SE_1_H5,SE,SE_1,,Seronera,SE,W,1,,OP,H5,1023,-2.437747,34.855162,9/25/2017,12/15/2017,81,265.08,2158.93711,Dig.mac,6.0,9.0,30,55,3.50,0.50,20.00,40.00,23.3,23.81,47.11,26.00,4.00,30,0.092592593,,-0.68,,-0.586762689,
SE_2_EX_H5,SE_2_H5,SE,SE_2,,Seronera,SE,W,2,,EX,H5,1025,-2.437766,34.855394,9/25/2017,12/15/2017,81,265.08,1628.772592,Dig.mac,3.0,3.6,20,30,4.00,17.60,20.00,47.00,10.67,72.08,82.75,10.00,21.00,31,-0.073388203,0.171467764,-0.34,0.24,-0.415294925,0.411522634
SE_2_EX2_H5,SE_2_H5,SE,SE_2,,Seronera,SE,W,2,,EX2,H5,1025,-2.437766,34.855394,9/25/2017,12/15/2017,81,265.08,1893.854851,Dig.mac,3.5,8.2,12,40,6.00,31.20,7.00,62.00,8.58,40.10,48.68,3.00,34.00,37,-0.313443073,-0.068587106,0.10,0.69,-0.209533608,0.617283951
SE_2_OP_H5,SE_2_H5,SE,SE_2,,Seronera,SE,W,2,,OP,H5,1025,-2.437766,34.855394,9/25/2017,12/15/2017,81,265.08,2158.93711,Dig.mac,1.8,6.0,17,30,3.00,3.70,10.00,30.00,12.14,30.97,43.11,5.00,14.00,19,-0.244855967,,-0.58,,-0.826817558,
SE_3_EX_H5,SE_3_H5,SE,SE_3,,Seronera,SE,W,3,,EX,H5,1027,-2.437991,34.855418,9/25/2017,12/15/2017,81,265.08,1628.772592,Dig.mac,2.0,4.8,10,25,3.00,15.80,15.00,45.00,34.89,53.18,88.07,21.80,12.00,33.8,0.478052126,0.576131687,-0.13,0.10,0.352537723,0.679012346
SE_3_EX2_H5,SE_3_H5,SE,SE_3,,Seronera,SE,W,3,,EX2,H5,1027,-2.437991,34.855418,9/25/2017,12/15/2017,81,265.08,1893.854851,Dig.mac,3.0,3.4,23,35,4.00,29.00,20.00,30.00,18.62,19.16,37.78,9.00,15.00,24,0.03909465,0.137174211,-0.02,0.21,0.016460905,0.342935528
SE_3_OP_H5,SE_3_H5,SE,SE_3,,Seronera,SE,W,3,,OP,H5,1027,-2.437991,34.855418,9/25/2017,12/15/2017,81,265.08,2158.93711,Dig.mac,2.3,3.2,15,28,2.00,1.70,10.00,45.00,7.86,15.66,23.52,5.00,9.00,14,-0.098079561,,-0.23,,-0.326474623,
SE_4_EX_H5,SE_4_H5,SE,SE_4,,Seronera,SE,W,4,,EX,H5,1026,-2.438079,34.854989,9/25/2017,12/15/2017,81,265.08,1628.772592,Dig.mac,2.8,4.3,20,40,5.50,20.60,30.00,50.00,18.33,18.93,37.26,12.00,17.00,29,-0.12345679,-0.562071331,0.09,0.07,-0.032578875,-0.493484225
SE_4_EX2_H5,SE_4_H5,SE,SE_4,,Seronera,SE,W,4,,EX2,H5,1026,-2.438079,34.854989,9/25/2017,12/15/2017,81,265.08,1893.854851,Dig.mac,4.3,5.8,25,40,7.00,21.60,25.00,65.00,27.72,23.55,51.27,15.00,37.43,52.43,-0.020576132,-0.459190672,0.79,0.77,0.770919067,0.310013717
SE_4_OP_H5,SE_4_H5,SE,SE_4,,Seronera,SE,W,4,,OP,H5,1026,-2.438079,34.854989,9/25/2017,12/15/2017,81,265.08,2158.93711,Dig.mac,4.4,8.4,25,45,4.50,16.40,10.00,45.00,15.6,14.35,29.95,28.39,15.00,43.39,0.43861454,,0.02,,0.46090535,
WET_W_1_EX_H6,WET_W_1_H6,WET_W,WET_W_1,WET_W_3,Handajega,WET,W,1,3,EX,H6,954,-2.272484,34.023326,12/14/2017,3/10/2018,86,320.25,2420.840773,The.tri,2.5,40.4,20,75,3.50,26.50,35.00,60.00,14.00,41.45,55.45,39.22,26.49,65.71,1.072997416,-0.197997416,0.11,0.59,1.185723514,0.394056848
WET_W_1_OP_H6,WET_W_1_H6,WET_W,WET_W_1,WET_W_3,Handajega,WET,W,1,3,OP,H6,954,-2.272484,34.023326,12/14/2017,3/10/2018,86,320.25,2741.086246,The.tri,4.0,44.4,10,60,3.50,16.25,35.00,50.00,6.00,23.00,29.00,45.35,8.16,53.51,1.270994832,,-0.48,,0.791666667,
WET_W_2_EX_H6,WET_W_2_H6,WET_W,WET_W_2,WET_W_4,Handajega,WET,W,2,4,EX,H6,953,-2.278300,34.024459,12/14/2017,3/10/2018,86,320.25,2420.840773,The.tri,1.8,17.4,10,65,4.00,25.25,10.00,70.00,12.00,9.00,21.00,8.33,92.14,100.47,-0.08624031,-0.896963824,1.97,2.23,1.888565891,1.336886305
WET_W_2_OP_H6,WET_W_2_H6,WET_W,WET_W_2,WET_W_4,Handajega,WET,W,2,4,OP,H6,953,-2.278300,34.024459,12/14/2017,3/10/2018,86,320.25,2741.086246,The.tri,3.0,26.0,25,85,4.00,7.00,25.00,60.00,11.00,31.00,42.00,36.10,22.98,59.08,0.810723514,,-0.26,,0.551679587,
WET_W_3_EX_H6,WET_W_3_H6,WET_W,WET_W_3,WET_W_1,Handajega,WET,W,3,1,EX,H6,951,-2.277999,34.027678,12/14/2017,3/10/2018,86,320.25,2426.532344,The.tri,5.5,48.0,50,78,2.50,4.50,20.00,30.00,19.00,27.00,46.00,5.78,6.07,11.85,-0.039405685,0.126614987,0.03,-0.02,-0.004844961,0.109496124
WET_W_3_OP_H6,WET_W_3_H6,WET_W,WET_W_3,WET_W_1,Handajega,WET,W,3,1,OP,H6,951,-2.277999,34.027678,12/14/2017,3/10/2018,86,320.25,2746.777817,The.tri,5.0,59.6,58,90,3.50,4.25,30.00,40.00,7.00,5.00,12.00,1.86,6.60,8.46,-0.166020672,,0.05,,-0.114341085,
WET_W_4_EX_H6,WET_W_4_H6,WET_W,WET_W_4,WET_W_2,Handajega,WET,W,4,2,EX,H6,950,-2.278837,34.031884,12/14/2017,3/10/2018,86,320.25,2426.532344,The.tri,5.0,57.4,20,60,6.00,10.25,15.00,35.00,21.00,41.29,62.29,11.98,17.45,29.43,-0.000645995,0.174418605,0.05,0.23,0.04618863,0.40374677
WET_W_4_OP_H6,WET_W_4_H6,WET_W,WET_W_4,WET_W_2,Handajega,WET,W,4,2,OP,H6,950,-2.278837,34.031884,12/14/2017,3/10/2018,86,320.25,2746.777817,The.tri,3.5,73.8,50,65,2.50,3.25,25.00,35.00,12.00,16.00,28.00,6.58,10.35,16.93,-0.175064599,,-0.18,,-0.35755814,
WET_P_1_EX_H6,WET_P_1_H6,WET_P,WET_P_1,WET_P_1,Mwantimba,WET,P,1,1,EX,H6,957,-2.350052,34.049976,12/13/2017,3/9/2018,86,297.55,2506.674083,Chr.ori,1.5,2.1,80,95,2.50,3.50,75.00,90.00,12.00,4.00,16.00,40.21,4.00,44.21,1.072674419,0.741925065,0.10,0.11,1.169573643,0.848514212
WET_P_1_OP_H6,WET_P_1_H6,WET_P,WET_P_1,WET_P_1,Mwantimba,WET,P,1,1,OP,H6,957,-2.350052,34.049976,12/13/2017,3/9/2018,86,297.55,2804.219239,Chr.ori,2.0,8.7,75,85,1.50,2.13,75.00,80.00,7.00,1.00,8.00,17.24,0.70,17.94,0.330749354,,-0.01,,0.321059432,
WET_P_2_EX_H6,WET_P_2_H6,WET_P,WET_P_2,WET_P_2,Mwantimba,WET,P,2,2,EX,H6,959,-2.348488,34.050110,12/13/2017,3/9/2018,86,297.55,2506.674083,Chr.ori,2.4,6.8,90,95,5.50,16.00,67.00,95.00,9.00,11.00,20.00,53.40,21.38,74.78,1.531007752,1.306524548,0.63,0.52,2.156976744,1.823320413
WET_P_2_OP_H6,WET_P_2_H6,WET_P,WET_P_2,WET_P_2,Mwantimba,WET,P,2,2,OP,H6,959,-2.348488,34.050110,12/13/2017,3/9/2018,86,297.55,2804.219239,Chr.ori,2.0,5.6,65,80,2.50,3.63,50.00,75.00,6.00,2.00,8.00,12.95,5.38,18.33,0.224483204,,0.11,,0.333656331,
WET_P_3_EX_H6,WET_P_3_H6,WET_P,WET_P_3,WET_P_4,Mwantimba,WET,P,3,4,EX,H6,1022,-2.367293,34.062509,12/13/2017,3/9/2018,86,297.55,2506.674083,Chr.ori,1.5,2.9,70,78,2.00,10.00,72.00,90.00,14.00,7.00,21.00,117.12,11.51,128.63,3.302002584,-0.170542636,0.31,-0.41,3.609173127,-0.581395349
WET_P_3_OP_H6,WET_P_3_H6,WET_P,WET_P_3,WET_P_4,Mwantimba,WET,P,3,4,OP,H6,1022,-2.367293,34.062509,12/13/2017,3/9/2018,86,297.55,2804.219239,Chr.ori,1.5,2.2,85,90,1.50,2.25,78.00,85.00,14.89,2.00,16.89,122.40,24.23,146.63,3.47254522,,0.72,,4.190568475,
WET_P_4_EX_H6,WET_P_4_H6,WET_P,WET_P_4,WET_P_3,Mwantimba,WET,P,4,3,EX,H6,1020,-2.368570,34.062586,12/13/2017,3/9/2018,86,297.55,2422.85835,Chr.ori,2.0,3.3,45,75,3.50,20.25,50.00,95.00,21.78,34.47,56.25,52.47,47.87,100.34,1.500968992,0.936046512,1.26,-0.15,2.756459948,0.790697674
WET_P_4_OP_H6,WET_P_4_H6,WET_P,WET_P_4,WET_P_3,Mwantimba,WET,P,4,3,OP,H6,1020,-2.368570,34.062586,12/13/2017,3/9/2018,86,297.55,2720.403506,Chr.ori,1.5,4.5,45,70,1.50,4.63,57.00,80.00,6.00,9.00,15.00,23.49,52.37,75.86,0.564922481,,1.40,,1.965762274,
DRY_W_1_EX_H6,DRY_W_1_H6,DRY_W,DRY_W_1,DRY_W_3,Maswa,DRY,W,1,3,EX,H6,995,-3.299332,34.848458,12/11/2017,3/7/2018,86,426.87,1773.239888,Cyn.dac,2.5,3.3,18,30,2.50,11.25,13.00,50.00,7.70,22.00,29.70,6.53,33.59,40.12,0.146317829,0.195413437,1.02,0.97,1.166666667,1.169573643
DRY_W_1_EX2_H6,DRY_W_1_H6,DRY_W,DRY_W_1,DRY_W_3,Maswa,DRY,W,1,3,EX2,H6,995,-3.299332,34.848458,12/11/2017,3/7/2018,86,426.87,2200.113237,Cyn.dac,2.5,3.3,20,35,3.50,20.25,30.00,75.00,11.96,2.00,13.96,47.08,44.50,91.58,1.456072351,1.505167959,1.37,1.33,2.82881137,2.831718346
DRY_W_1_OP_H6,DRY_W_1_H6,DRY_W,DRY_W_1,DRY_W_3,Maswa,DRY,W,1,3,OP,H6,995,-3.299332,34.848458,12/11/2017,3/7/2018,86,426.87,2626.986586,Cyn.dac,1.0,2.1,20,30,0.50,2.00,2.00,10.00,2.00,2.00,4.00,0.48,3.43,3.91,-0.049095607,,0.05,,-0.002906977,
DRY_W_2_EX_H6,DRY_W_2_H6,DRY_W,DRY_W_2,DRY_W_4,Maswa,DRY,W,2,4,EX,H6,980,-3.303268,34.847796,12/11/2017,3/7/2018,86,426.87,1773.239888,Cyn.dac,1.0,2.7,15,30,1.50,11.75,20.00,48.00,4.00,16.87,20.87,16.99,21.05,38.04,0.484173127,0.347222222,0.58,0.58,1.067183463,0.92248062
DRY_W_2_EX2_H6,DRY_W_2_H6,DRY_W,DRY_W_2,DRY_W_4,Maswa,DRY,W,2,4,EX2,H6,980,-3.303268,34.847796,12/11/2017,3/7/2018,86,426.87,2200.113237,Cyn.dac,1.0,1.6,10,15,2.00,5.75,10.00,41.00,5.00,3.00,8.00,8.75,28.29,37.04,0.218023256,0.081072351,0.82,0.81,1.034883721,0.890180879
DRY_W_2_OP_H6,DRY_W_2_H6,DRY_W,DRY_W_2,DRY_W_4,Maswa,DRY,W,2,4,OP,H6,980,-3.303268,34.847796,12/11/2017,3/7/2018,86,426.87,2626.986586,Cyn.dac,1.5,2.3,15,30,1.00,2.25,8.00,20.00,2.00,3.00,5.00,6.24,3.24,9.48,0.136950904,,0.01,,0.144702842,
DRY_W_3_EX_H6,DRY_W_3_H6,DRY_W,DRY_W_3,DRY_W_1,Maswa,DRY,W,3,1,EX,H6,998,-3.295645,34.852435,12/11/2017,3/7/2018,86,426.87,1771.202433,Cyn.dac,2.4,2.2,12,30,3.00,5.00,10.00,55.00,10.48,3.81,14.48,2.64,11.69,14.33,-0.011627907,-0.047803618,0.31,0.25,0.301356589,0.201550388
DRY_W_3_EX2_H6,DRY_W_3_H6,DRY_W,DRY_W_3,DRY_W_1,Maswa,DRY,W,3,1,EX2,H6,998,-3.295645,34.852435,12/11/2017,3/7/2018,86,426.87,2198.075782,Cyn.dac,2.5,2.1,6,30,2.50,4.13,25.00,55.00,2.00,6.00,8.00,12.70,5.89,18.59,0.313307494,0.277131783,0.13,0.06,0.438953488,0.339147287
DRY_W_3_OP_H6,DRY_W_3_H6,DRY_W,DRY_W_3,DRY_W_1,Maswa,DRY,W,3,1,OP,H6,998,-3.295645,34.852435,12/11/2017,3/7/2018,86,426.87,2624.949131,Cyn.dac,2.0,0.9,8,15,3.00,2.00,15.00,40.00,3.00,2.00,5.00,4.12,3.97,8.09,0.036175711,,0.06,,0.099806202,
DRY_W_4_EX_H6,DRY_W_4_H6,DRY_W,DRY_W_4,DRY_W_2,Maswa,DRY,W,4,2,EX,H6,1000,-3.296013,34.854327,12/11/2017,3/7/2018,86,427.57,2068.657467,Cyn.dac,1.0,6.0,10,30,1.50,9.38,7.00,45.00,3.00,8.00,11.00,6.64,14.10,20.74,-0.011627907,0.003552972,0.39,-0.25,0.379198966,-0.249031008
DRY_W_4_EX2_H6,DRY_W_4_H6,DRY_W,DRY_W_4,DRY_W_2,Maswa,DRY,W,4,2,EX2,H6,1000,-3.296013,34.854327,12/11/2017,3/7/2018,86,427.57,2496.225633,Cyn.dac,,3.6,10,40,1.50,2.13,8.00,30.00,4.00,1.31,5.31,5.37,11.15,16.52,-0.052648579,-0.0374677,0.30,-0.35,0.242894057,-0.385335917
DRY_W_4_OP_H6,DRY_W_4_H6,DRY_W,DRY_W_4,DRY_W_2,Maswa,DRY,W,4,2,OP,H6,1000,-3.296013,34.854327,12/11/2017,3/7/2018,86,427.57,2923.7938,Cyn.dac,1.5,1.5,18,40,2.00,3.13,15.00,35.00,7.00,2.00,9.00,6.53,21.92,28.45,-0.015180879,,0.64,,0.628229974,
DRY_P_1_EX_H6,DRY_P_1_H6,DRY_P,DRY_P_1,DRY_P_2,Makao,DRY,P,1,2,EX,H6,1009,-3.303212,34.847736,12/10/2017,3/8/2018,88,470.80,1249.544934,Chl.pyc,1.5,2.6,20,50,10.50,35.50,0.00,95.00,1.00,1.00,2.00,0.00,93.20,93.2,-0.026830808,-0.338068182,2.62,1.88,2.595959596,1.538510101
DRY_P_1_OP_H6,DRY_P_1_H6,DRY_P,DRY_P_1,DRY_P_2,Makao,DRY,P,1,2,OP,H6,1009,-3.303212,34.847736,12/10/2017,3/8/2018,88,470.80,1720.349214,Chl.pyc,0.6,2.0,15,35,2.00,3.88,15.00,50.00,0.85,10.11,10.96,10.71,33.75,44.46,0.311237374,,0.75,,1.057449495,
DRY_P_2_EX_H6,DRY_P_2_H6,DRY_P,DRY_P_2,DRY_P_3,Makao,DRY,P,2,3,EX,H6,1006,-3.408426,34.850244,12/10/2017,3/8/2018,88,470.80,1249.544934,Chl.pyc,1.5,0.6,5,22,2.50,17.25,30.00,68.00,1.00,4.00,5.00,4.87,43.79,48.66,0.122159091,0.087121212,1.35,0.95,1.472853535,1.033459596
DRY_P_2_OP_H6,DRY_P_2_H6,DRY_P,DRY_P_2,DRY_P_3,Makao,DRY,P,2,3,OP,H6,1006,-3.408426,34.850244,12/10/2017,3/8/2018,88,470.80,1720.349214,Chl.pyc,0.1,0.4,5,25,1.50,1.25,5.00,30.00,1.00,1.00,2.00,2.11,13.81,15.92,0.035037879,,0.40,,0.439393939,
DRY_P_3_EX_H6,DRY_P_3_H6,DRY_P,DRY_P_3,DRY_P_1,Makao,DRY,P,3,1,EX,H6,1001,-3.406316,34.850407,12/10/2017,3/8/2018,88,470.80,1289.563726,Chl.pyc,0.5,2.3,7,40,2.00,7.25,25.00,70.00,1.00,3.17,4.17,6.80,32.01,38.81,0.183080808,0.071338384,0.97,0.49,1.15530303,0.558080808
DRY_P_3_OP_H6,DRY_P_3_H6,DRY_P,DRY_P_3,DRY_P_1,Makao,DRY,P,3,1,OP,H6,1001,-3.406316,34.850407,12/10/2017,3/8/2018,88,470.80,1760.368005,Chl.pyc,1.0,2.4,5,28,1.50,4.50,30.00,70.00,1.00,1.21,2.21,4.54,16.59,21.13,0.111742424,,0.49,,0.597222222,
DRY_P_4_EX_H6,DRY_P_4_H6,DRY_P,DRY_P_4,,Makao,DRY,P,4,,EX,H6,1003,-3.406853,34.851600,12/10/2017,3/8/2018,88,470.80,1289.563726,Chl.pyc,0.5,2.4,28,50,3.00,13.38,5.00,62.00,1.00,1.00,2.00,1.29,56.42,57.71,0.00915404,-0.05239899,1.75,0.68,1.758522727,0.632260101
DRY_P_4_OP_H6,DRY_P_4_H6,DRY_P,DRY_P_4,,Makao,DRY,P,4,,OP,H6,1003,-3.406853,34.851600,12/10/2017,3/8/2018,88,470.80,1760.368005,Chl.pyc,1.5,2.8,20,40,2.00,3.75,5.00,45.00,1.00,1.00,2.00,2.95,34.73,37.68,0.06155303,,1.06,,1.126262626,
SE_1_EX_H6,SE_1_H6,SE,SE_1,,Seronera,SE,W,1,,EX,H6,1023,-2.437747,34.855162,12/15/2017,3/12/2018,87,327.09,2486.029261,Dig.mac,3.5,14.4,40,55,17.00,37.00,13.00,98.00,9.00,16.00,25.00,54.88,55.86,110.74,0.922094508,1.36302682,1.66,1.10,2.577905492,2.464240102
SE_1_EX2_H6,SE_1_H6,SE,SE_1,,Seronera,SE,W,1,,EX2,H6,1023,-2.437747,34.855162,12/15/2017,3/12/2018,87,327.09,2813.121412,Dig.mac,3.0,11.0,20,40,6.50,30.50,15.00,60.00,11.00,30.00,41.00,25.19,71.45,96.64,-0.025862069,0.415070243,2.15,1.60,2.127713921,2.014048531
SE_1_OP_H6,SE_1_H6,SE,SE_1,,Seronera,SE,W,1,,OP,H6,1023,-2.437747,34.855162,12/15/2017,3/12/2018,87,327.09,3140.213563,Dig.mac,4.0,17.4,25,50,4.00,18.75,10.00,50.00,26.00,4.00,30.00,12.19,21.37,33.56,-0.440932312,,0.55,,0.11366539,
SE_2_EX_H6,SE_2_H6,SE,SE_2,,Seronera,SE,W,2,,EX,H6,1025,-2.437766,34.855394,12/15/2017,3/12/2018,87,327.09,2486.029261,Dig.mac,3.5,7.3,20,35,6.00,30.50,20.00,70.00,10.00,21.00,31.00,45.16,73.91,119.07,1.282247765,0.323754789,1.91,-0.12,3.195083014,0.199553001
SE_2_EX2_H6,SE_2_H6,SE,SE_2,,Seronera,SE,W,2,,EX2,H6,1025,-2.437766,34.855394,12/15/2017,3/12/2018,87,327.09,2813.121412,Dig.mac,3.5,12.9,25,35,11.00,45.50,35.00,90.00,3.00,34.00,37.00,48.19,79.73,127.92,1.37899106,0.420498084,2.10,0.06,3.477650064,0.482120051
SE_2_OP_H6,SE_2_H6,SE,SE_2,,Seronera,SE,W,2,,OP,H6,1025,-2.437766,34.855394,12/15/2017,3/12/2018,87,327.09,3140.213563,Dig.mac,3.0,6.6,25,30,6.00,24.75,15.00,55.00,5.00,14.00,19.00,35.02,77.80,112.82,0.958492976,,2.04,,2.995530013,
SE_3_EX_H6,SE_3_H6,SE,SE_3,,Seronera,SE,W,3,,EX,H6,1027,-2.437991,34.855418,12/15/2017,3/12/2018,87,327.09,2486.029261,Dig.mac,5.0,9.4,15,40,9.00,27.50,15.00,90.00,21.80,12.00,33.80,20.01,104.25,124.26,0.479246488,-0.334610473,3.04,2.62,3.520434227,2.282247765
SE_3_EX2_H6,SE_3_H6,SE,SE_3,,Seronera,SE,W,3,,EX2,H6,1027,-2.437991,34.855418,12/15/2017,3/12/2018,87,327.09,2813.121412,Dig.mac,3.5,8.3,15,25,4.00,18.50,15.00,50.00,9.00,15.00,24.00,25.40,77.97,103.37,0.651340996,-0.162515964,2.20,1.78,2.853448276,1.615261814
SE_3_OP_H6,SE_3_H6,SE,SE_3,,Seronera,SE,W,3,,OP,H6,1027,-2.437991,34.855418,12/15/2017,3/12/2018,87,327.09,3140.213563,Dig.mac,3.5,18.5,30,85,3.50,9.50,20.00,45.00,5.00,9.00,14.00,30.49,22.29,52.78,0.81385696,,0.42,,1.238186462,
SE_4_EX_H6,SE_4_H6,SE,SE_4,,Seronera,SE,W,4,,EX,H6,1026,-2.438079,34.854989,12/15/2017,3/12/2018,87,327.09,2486.029261,Dig.mac,2.5,9.7,15,45,3.50,27.50,25.00,70.00,12.00,17.00,29.00,27.19,38.36,65.55,-0.038314176,-0.122605364,0.75,-1.66,0.707535121,-1.783205619
SE_4_EX2_H6,SE_4_H6,SE,SE_4,,Seronera,SE,W,4,,EX2,H6,1026,-2.438079,34.854989,12/15/2017,3/12/2018,87,327.09,2813.121412,Dig.mac,3.0,25.6,25,70,8.00,46.00,8.00,98.00,15.00,37.43,52.43,9.36,146.60,155.96,-0.607598978,-0.691890166,4.20,1.80,3.594189017,1.103448276
SE_4_OP_H6,SE_4_H6,SE,SE_4,,Seronera,SE,W,4,,OP,H6,1026,-2.438079,34.854989,12/15/2017,3/12/2018,87,327.09,3140.213563,Dig.mac,4.5,16.4,40,80,10.50,18.25,35.00,80.00,28.39,15.00,43.39,31.03,90.37,121.4,0.084291188,,2.41,,2.490740741,
WET_W_1_EX_H7,WET_W_1_H7,WET_W,WET_W_1,WET_W_3,Handajega,WET,W,1,3,EX,H7,954,-2.272484,34.023326,3/10/2018,5/22/2018,73,523.94,3265.029281,The.tri,4.0,7.5,35,70,14.50,101.20,35.00,100.00,39.22,26.49,65.71,29.64,160.35,189.99,-0.597792998,-0.554414003,5.79,3.18,5.193302892,2.628614916
WET_W_1_OP_H7 ,WET_W_1_H7,WET_W,WET_W_1,WET_W_3,Handajega,WET,W,1,3,OP,H7,954,-2.272484,34.023326,3/10/2018,5/22/2018,73,523.94,3788.972315,The.tri,1.5,7.8,30,65,7.00,81.00,40.00,90.00,45.35,8.16,53.51,44.21,76.70,120.91,-0.043378995,,2.61,,2.564687976,
WET_W_2_EX_H7,WET_W_2_H7,WET_W,WET_W_2,WET_W_4,Handajega,WET,W,2,4,EX,H7,953,-2.278300,34.024459,3/10/2018,5/22/2018,73,523.94,3265.029281,The.tri,3.0,24.3,35,80,14.00,93.80,40.00,97.00,8.33,92.14,100.47,94.16,179.47,273.63,2.209284627,1.011415525,5.95,1.39,8.164003044,2.402207002
WET_W_2_OP_H7,WET_W_2_H7,WET_W,WET_W_2,WET_W_4,Handajega,WET,W,2,4,OP,H7,953,-2.278300,34.024459,3/10/2018,5/22/2018,73,523.94,3788.972315,The.tri,4.0,7.0,35,70,11.00,76.00,20.00,93.00,36.1,22.98,59.08,67.58,142.92,210.5,1.197869102,,4.56,,5.761796043,
WET_W_3_EX_H7,WET_W_3_H7,WET_W,WET_W_3,WET_W_1,Handajega,WET,W,3,1,EX,H7,951,-2.277999,34.027678,3/10/2018,5/22/2018,73,523.94,3270.720852,The.tri,2.5,4.5,30,45,13.00,63.40,0.00,90.00,5.78,6.07,11.85,0.00,182.20,182.2,-0.070776256,-0.684550989,6.68,0.62,6.611111111,-0.061263318
WET_W_3_OP_H7,WET_W_3_H7,WET_W,WET_W_3,WET_W_1,Handajega,WET,W,3,1,OP,H7,951,-2.277999,34.027678,3/10/2018,5/22/2018,73,523.94,3794.663886,The.tri,5.0,3.0,30,36,14.00,81.20,5.00,85.00,1.86,6.60,8.46,17.99,165.82,183.81,0.613774734,,6.06,,6.672374429,
WET_W_4_EX_H7,WET_W_4_H7,WET_W,WET_W_4,WET_W_2,Handajega,WET,W,4,2,EX,H7,950,-2.278837,34.031884,3/10/2018,5/22/2018,73,523.94,3270.720852,The.tri,3.5,4.5,30,45,16.00,80.00,10.00,90.00,11.98,17.45,29.43,21.45,224.21,245.66,0.565829528,-0.938736682,8.14,2.50,8.703576865,1.562404871
WET_W_4_OP_H7,WET_W_4_H7,WET_W,WET_W_4,WET_W_2,Handajega,WET,W,4,2,OP,H7,950,-2.278837,34.031884,3/10/2018,5/22/2018,73,523.94,3794.663886,The.tri,5.5,5.0,30,40,15.00,110.60,55.00,90.00,6.58,10.35,16.93,46.12,158.48,204.6,1.50456621,,5.64,,7.141171994,
WET_P_1_EX_H7,WET_P_1_H7,WET_P,WET_P_1,WET_P_1,Mwantimba,WET,P,1,1,EX,H7,957,-2.350052,34.049976,3/9/2018,5/21/2018,73,505.46,3309.679649,Chr.ori,1.5,2.5,70,80,4.50,31.40,92.00,97.00,40.21,4.00,44.21,60.10,9.74,69.84,1.630898021,0.581430746,0.34,-0.02,1.974885845,0.563165906
WET_P_1_OP_H7,WET_P_1_H7,WET_P,WET_P_1,WET_P_1,Mwantimba,WET,P,1,1,OP,H7,957,-2.350052,34.049976,3/9/2018,5/21/2018,73,505.46,3815.140059,Chr.ori,2.0,2.3,59,70,4.50,19.00,90.00,95.00,17.24,0.70,17.94,44.82,10.22,55.04,1.049467275,,0.36,,1.411719939,
WET_P_2_EX_H7,WET_P_2_H7,WET_P,WET_P_2,WET_P_2,Mwantimba,WET,P,2,2,EX,H7,959,-2.348488,34.050110,3/9/2018,5/21/2018,73,505.46,3309.679649,Chr.ori,2.0,3.5,43,65,5.00,66.60,76.00,96.00,53.4,21.38,74.78,55.98,27.22,83.2,1.637366819,-0.367199391,0.83,0.28,2.468417047,-0.084094368
WET_P_2_OP_H7,WET_P_2_H7,WET_P,WET_P_2,WET_P_2,Mwantimba,WET,P,2,2,OP,H7,959,-2.348488,34.050110,3/9/2018,5/21/2018,73,505.46,3815.140059,Chr.ori,2.5,5.0,50,70,5.00,45.30,80.00,95.00,12.95,5.38,18.33,65.63,19.78,85.41,2.00456621,,0.55,,2.552511416,
WET_P_3_EX_H7,WET_P_3_H7,WET_P,WET_P_3,WET_P_4,Mwantimba,WET,P,3,4,EX,H7,1022,-2.367293,34.062509,3/9/2018,5/21/2018,73,505.46,3309.679649,Chr.ori,1.5,2.3,82,90,9.00,60.60,23.00,98.00,117.12,11.51,128.63,9.54,137.21,146.75,-4.294520548,0.363013699,4.30,3.13,0.00456621,3.495053272
WET_P_3_OP_H7,WET_P_3_H7,WET_P,WET_P_3,WET_P_4,Mwantimba,WET,P,3,4,OP,H7,1022,-2.367293,34.062509,3/9/2018,5/21/2018,73,505.46,3815.140059,Chr.ori,1.5,1.3,75,85,4.50,40.00,0.00,85.00,122.4,24.23,146.63,0.00,54.90,54.9,-4.657534247,,1.17,,-3.490487062,
WET_P_4_EX_H7,WET_P_4_H7,WET_P,WET_P_4,WET_P_3,Mwantimba,WET,P,4,3,EX,H7,1020,-2.368570,34.062586,3/9/2018,5/21/2018,73,505.46,3225.863916,Chr.ori,1.5,3.0,75,85,11.00,61.40,0.00,98.00,52.47,47.87,100.34,0.00,122.50,122.5,-0.893835616,0,2.67,2.99,1.774733638,2.993531202
WET_P_4_OP_H7,WET_P_4_H7,WET_P,WET_P_4,WET_P_3,Mwantimba,WET,P,4,3,OP,H7,1020,-2.368570,34.062586,3/9/2018,5/21/2018,73,505.46,3731.324326,Chr.ori,2.0,4.1,52,80,5.50,44.40,0.00,95.00,23.49,52.37,75.86,0.00,43.83,43.83,-0.893835616,,-0.32,,-1.218797565,
DRY_W_1_EX_H7,DRY_W_1_H7,DRY_W,DRY_W_1,DRY_W_3,Maswa,DRY,W,1,3,EX,H7,995,-3.299332,34.848458,3/7/2018,5/25/2018,79,338.35,2965.3399,Cyn.dac,1.5,3.1,7,25,4.00,55.00,25.00,69.00,6.53,33.59,40.12,32.09,30.64,62.73,1.111462729,0.755274262,-0.49,-2.07,2.068213783,-1.311884669
DRY_W_1_EX2_H7,DRY_W_1_H7,DRY_W,DRY_W_1,DRY_W_3,Maswa,DRY,W,1,3,EX2,H7,995,-3.299332,34.848458,3/7/2018,5/25/2018,79,338.35,3303.693213,Cyn.dac,2.5,3.0,10,35,13.50,57.60,10.00,70.00,47.08,44.50,91.58,23.20,110.20,133.4,0.798874824,0.442686357,3.75,0.73,4.553094233,1.172995781
DRY_W_1_OP_H7,DRY_W_1_H7,DRY_W,DRY_W_1,DRY_W_3,Maswa,DRY,W,1,3,OP,H7,995,-3.299332,34.848458,3/7/2018,5/25/2018,79,338.35,3642.046527,Cyn.dac,1.5,2.5,5,15,9.00,43.40,7.00,57.00,0.48,3.43,3.91,10.61,89.43,100.04,0.356188467,,3.02,,3.380098453,
DRY_W_2_EX_H7,DRY_W_2_H7,DRY_W,DRY_W_2,DRY_W_4,Maswa,DRY,W,2,4,EX,H7,980,-3.303268,34.847796,3/7/2018,5/25/2018,79,338.35,2965.3399,Cyn.dac,2.0,1.0,10,25,10.50,44.40,25.00,75.00,16.99,21.05,38.04,37.49,46.66,84.15,1.098804501,-0.095288326,1.53,0.89,2.625527426,0.795007032
DRY_W_2_EX2_H7,DRY_W_2_H7,DRY_W,DRY_W_2,DRY_W_4,Maswa,DRY,W,2,4,EX2,H7,980,-3.303268,34.847796,3/7/2018,5/25/2018,79,338.35,3303.693213,Cyn.dac,1.0,2.0,8,16,4.00,31.60,45.00,79.00,8.75,28.29,37.04,52.13,37.70,89.83,1.613572433,0.419479606,1.21,0.58,2.825246132,0.994725738
DRY_W_2_OP_H7,DRY_W_2_H7,DRY_W,DRY_W_2,DRY_W_4,Maswa,DRY,W,2,4,OP,H7,980,-3.303268,34.847796,3/7/2018,5/25/2018,79,338.35,3642.046527,Cyn.dac,1.5,0.6,12,20,3.00,16.70,45.00,77.00,6.24,3.24,9.48,40.20,21.34,61.54,1.194092827,,0.64,,1.830520394,
DRY_W_3_EX_H7,DRY_W_3_H7,DRY_W,DRY_W_3,DRY_W_1,Maswa,DRY,W,3,1,EX,H7,998,-3.295645,34.852435,3/7/2018,5/25/2018,79,338.35,2963.302444,Cyn.dac,1.0,1.3,10,20,2.00,7.60,5.00,28.00,2.64,11.69,14.33,10.22,18.34,28.56,0.214486639,-0.181434599,0.51,-1.34,0.7197609,-1.524613221
DRY_W_3_EX2_H7,DRY_W_3_H7,DRY_W,DRY_W_3,DRY_W_1,Maswa,DRY,W,3,1,EX2,H7,998,-3.295645,34.852435,3/7/2018,5/25/2018,79,338.35,3301.655758,Cyn.dac,2.0,2.8,10,30,4.50,54.60,10.00,55.00,12.7,5.89,18.59,24.59,73.20,97.79,0.7197609,0.323839662,2.43,0.59,3.154008439,0.909634318
DRY_W_3_OP_H7,DRY_W_3_H7,DRY_W,DRY_W_3,DRY_W_1,Maswa,DRY,W,3,1,OP,H7,998,-3.295645,34.852435,3/7/2018,5/25/2018,79,338.35,3640.009072,Cyn.dac,1.2,1.9,10,30,6.00,33.40,15.00,35.00,4.12,3.97,8.09,15.38,56.54,71.92,0.395921238,,1.85,,2.244374121,
DRY_W_4_EX_H7,DRY_W_4_H7,DRY_W,DRY_W_4,DRY_W_2,Maswa,DRY,W,4,2,EX,H7,1000,-3.296013,34.854327,3/7/2018,5/25/2018,79,335.52,3259.311708,Cyn.dac,0.5,1.8,10,30,2.00,32.00,20.00,66.00,6.64,14.10,20.74,31.15,30.90,62.05,0.865682138,0.618846695,0.32,-0.12,1.181434599,0.5
DRY_W_4_EX2_H7,DRY_W_4_H7,DRY_W,DRY_W_4,DRY_W_2,Maswa,DRY,W,4,2,EX2,H7,1000,-3.296013,34.854327,3/7/2018,5/25/2018,79,335.52,3594.829616,Cyn.dac,1.5,2.0,5,35,3.00,55.20,15.00,67.00,5.37,11.15,16.52,16.49,60.15,76.64,0.35021097,0.103375527,1.34,0.91,1.694444444,1.013009845
DRY_W_4_OP_H7,DRY_W_4_H7,DRY_W,DRY_W_4,DRY_W_2,Maswa,DRY,W,4,2,OP,H7,1000,-3.296013,34.854327,3/7/2018,5/25/2018,79,335.52,3930.347523,Cyn.dac,1.5,2.4,10,45,2.00,22.00,10.00,41.00,6.53,21.92,28.45,13.55,34.28,47.83,0.246835443,,0.43,,0.681434599,
DRY_P_1_EX_H7,DRY_P_1_H7,DRY_P,DRY_P_1,DRY_P_2,Makao,DRY,P,1,2,EX,H7,1009,-3.303212,34.847736,3/8/2018,5/24/2018,77,281.93,2002.28111,Chl.pyc,4.0,9.3,10,60,2.00,54.20,70.00,90.00,,93.20,93.2,36.33,49.11,85.44,0.924242424,0.777056277,0.55,1.01,1.478354978,1.783549784
DRY_P_1_OP_H7,DRY_P_1_H7,DRY_P,DRY_P_1,DRY_P_2,Makao,DRY,P,1,2,OP,H7,1009,-3.303212,34.847736,3/8/2018,5/24/2018,77,281.93,2284.213007,Chl.pyc,2.5,5.8,25,70,3.00,17.20,30.00,50.00,10.71,33.75,44.46,14.79,21.21,36,0.147186147,,-0.45,,-0.305194805,
DRY_P_2_EX_H7,DRY_P_2_H7,DRY_P,DRY_P_2,DRY_P_3,Makao,DRY,P,2,3,EX,H7,1006,-3.408426,34.850244,3/8/2018,5/24/2018,77,281.93,2002.28111,Chl.pyc,3.0,4.6,25,50,4.50,24.40,60.00,90.00,4.87,43.79,48.66,41.13,40.53,81.66,1.407647908,0.507575758,0.96,0.97,2.371572872,1.479437229
DRY_P_2_OP_H7,DRY_P_2_H7,DRY_P,DRY_P_2,DRY_P_3,Makao,DRY,P,2,3,OP,H7,1006,-3.408426,34.850244,3/8/2018,5/24/2018,77,281.93,2284.213007,Chl.pyc,2.0,7.3,10,38,1.50,10.60,40.00,55.00,2.11,13.81,15.92,27.06,13.59,40.65,0.90007215,,-0.01,,0.892135642,
DRY_P_3_EX_H7,DRY_P_3_H7,DRY_P,DRY_P_3,DRY_P_1,Makao,DRY,P,3,1,EX,H7,1001,-3.406316,34.850407,3/8/2018,5/24/2018,77,281.93,2042.299901,Chl.pyc,2.0,3.5,20,55,5.50,58.40,60.00,90.00,6.8,32.01,38.81,23.33,66.71,90.04,0.677849928,0.051587302,1.81,0.34,2.485930736,0.395382395
DRY_P_3_OP_H7,DRY_P_3_H7,DRY_P,DRY_P_3,DRY_P_1,Makao,DRY,P,3,1,OP,H7,1001,-3.406316,34.850407,3/8/2018,5/24/2018,77,281.93,2324.231798,Chl.pyc,1.0,3.6,15,45,9.50,55.60,45.00,98.00,4.54,16.59,21.13,21.90,57.18,79.08,0.626262626,,1.46,,2.090548341,
DRY_P_4_EX_H7,DRY_P_4_H7,DRY_P,DRY_P_4,,Makao,DRY,P,4,,EX,H7,1003,-3.406853,34.851600,3/8/2018,5/24/2018,77,281.93,2042.299901,Chl.pyc,2.5,3.8,15,70,7.00,57.60,70.00,98.00,1.29,56.42,57.71,65.92,29.07,94.99,2.271645022,1.741341991,-0.20,-0.47,2.067460317,1.273088023
DRY_P_4_OP_H7,DRY_P_4_H7,DRY_P,DRY_P_4,,Makao,DRY,P,4,,OP,H7,1003,-3.406853,34.851600,3/8/2018,5/24/2018,77,281.93,2324.231798,Chl.pyc,3.5,6.0,10,70,3.50,29.80,45.00,85.00,2.95,34.73,37.68,17.65,42.05,59.7,0.53030303,,0.26,,0.794372294,
SE_1_EX_H7,SE_1_H7,SE,SE_1,,Seronera,SE,W,1,,EX,H7,1023,-2.437747,34.855162,3/12/2018,5/19/2018,68,383.00,3523.218077,Dig.mac,5.5,11.7,20,40,11.00,49.00,0.00,68.00,54.88,55.86,110.74,0.00,98.82,98.82,-0.497957516,-1.376633987,3.16,-1.41,2.665849673,-2.786356209
SE_1_EX2_H7,SE_1_H7,SE,SE_1,,Seronera,SE,W,1,,EX2,H7,1023,-2.437747,34.855162,3/12/2018,5/19/2018,68,383.00,3906.222592,Dig.mac,3.5,8.5,15,35,8.00,33.40,25.00,50.00,25.19,71.45,96.64,36.20,36.69,72.89,0.980800654,0.102124183,0.63,-3.95,1.606617647,-3.845588235
SE_1_OP_H7,SE_1_H7,SE,SE_1,,Seronera,SE,W,1,,OP,H7,1023,-2.437747,34.855162,3/12/2018,5/19/2018,68,383.00,4289.227106,Dig.mac,6.0,19.3,25,50,13.00,63.80,15.00,88.00,12.19,21.37,33.56,33.70,133.33,167.03,0.878676471,,4.57,,5.452205882,
SE_2_EX_H7,SE_2_H7,SE,SE_2,,Seronera,SE,W,2,,EX,H7,1025,-2.437766,34.855394,3/12/2018,5/19/2018,68,383.00,3523.218077,Dig.mac,3.0,12.8,15,45,6.50,55.00,5.00,78.00,45.16,73.91,119.07,6.44,88.30,94.74,-1.16748366,0.14624183,0.43,-2.15,-0.738562092,-2.006535948
SE_2_EX2_H7,SE_2_H7,SE,SE_2,,Seronera,SE,W,2,,EX2,H7,1025,-2.437766,34.855394,3/12/2018,5/19/2018,68,383.00,3906.222592,Dig.mac,3.5,11.5,10,63,9.00,55.60,0.00,85.00,48.19,79.73,127.92,0.00,0.00,0,-1.430555556,-0.116830065,,,-4.608660131,-5.876633987
SE_2_OP_H7,SE_2_H7,SE,SE_2,,Seronera,SE,W,2,,OP,H7,1025,-2.437766,34.855394,3/12/2018,5/19/2018,68,383.00,4289.227106,Dig.mac,4.0,29.8,10,70,6.50,66.60,5.00,95.00,35.02,77.80,112.82,2.86,141.00,143.86,-1.31372549,,2.58,,1.267973856,
SE_3_EX_H7,SE_3_H7,SE,SE_3,,Seronera,SE,W,3,,EX,H7,1027,-2.437991,34.855418,3/12/2018,5/19/2018,68,383.00,3523.218077,Dig.mac,3.5,9.1,20,63,5.00,30.80,15.00,72.00,20.01,104.25,124.26,18.74,55.22,73.96,-0.47998366,-0.000816993,1.35,1.05,0.865196078,1.047794118
SE_3_EX2_H7,SE_3_H7,SE,SE_3,,Seronera,SE,W,3,,EX2,H7,1027,-2.437991,34.855418,3/12/2018,5/19/2018,68,383.00,3906.222592,Dig.mac,5.0,8.8,15,45,9.00,53.40,20.00,70.00,25.4,77.97,103.37,18.89,64.00,82.89,-0.473856209,0.005310458,1.70,1.41,1.22998366,1.412581699
SE_3_OP_H7,SE_3_H7,SE,SE_3,,Seronera,SE,W,3,,OP,H7,1027,-2.437991,34.855418,3/12/2018,5/19/2018,68,383.00,4289.227106,Dig.mac,3.0,6.3,15,55,4.50,20.00,20.00,52.00,30.49,22.29,52.78,18.76,29.55,48.31,-0.479166667,,0.30,,-0.182598039,
SE_4_EX_H7,SE_4_H7,SE,SE_4,,Seronera,SE,W,4,,EX,H7,1026,-2.438079,34.854989,3/12/2018,5/19/2018,68,383.00,3523.218077,Dig.mac,5.0,17.3,20,53,8.50,41.40,30.00,70.00,27.19,38.36,65.55,43.82,54.62,98.44,0.52246732,1.79003268,-1.46,-1.59,-0.937908497,0.196078431
SE_4_EX2_H7,SE_4_H7,SE,SE_4,,Seronera,SE,W,4,,EX2,H7,1026,-2.438079,34.854989,3/12/2018,5/19/2018,68,383.00,3906.222592,Dig.mac,8.0,46.0,25,75,8.50,34.00,30.00,70.00,9.36,146.60,155.96,45.08,74.84,119.92,0.573937908,1.841503268,-0.63,-0.77,-0.060457516,1.073529412
SE_4_OP_H7,SE_4_H7,SE,SE_4,,Seronera,SE,W,4,,OP,H7,1026,-2.438079,34.854989,3/12/2018,5/19/2018,68,383.00,4289.227106,Dig.mac,3.5,11.8,25,50,10.00,49.20,0.00,55.00,31.03,90.37,121.4,0.00,93.64,93.64,-1.267565359,,0.13,,-1.133986928,
